"d","monthly","bimonthly","trimonthly","semianually","anually"
0.481453280851271,0.00412471670169111,0.00787360142423128,0.0113818855250578,0.0211984620101175,0.0394917470271315
0.481627787313666,0.00389391997927145,0.00752138589560309,0.0109390510784024,0.0205570931343927,0.0385773380845002
0.481896558150559,0.00356154094752439,0.00701682673812055,0.0103041571224082,0.0196320205122456,0.037244635689381
0.482239173534609,0.00333654010353403,0.0066640653749324,0.00985423096406709,0.0189650521447403,0.0362707733165101
0.48235405480106,0.00332954044875537,0.0066305805314107,0.00980075398521383,0.0188683580596433,0.0361146551300259
0.48255847474505,0.00307852771094731,0.00624331062810296,0.00930913701938131,0.0181422955914031,0.0350554379813288
0.482516691240294,0.00321160182729879,0.00641664485680348,0.00951309616939125,0.0184165824129882,0.0354313360335326
0.482608472521293,0.00300321056075256,0.00609661073524303,0.00910738179111099,0.0178184501918549,0.0345604821620959
0.482630314427817,0.00308140738836809,0.00619339248646583,0.00921802480641147,0.0179612679903152,0.0347504064207078
0.482697155282135,0.00304222245132694,0.00612358017870084,0.00912455134592309,0.0178156272436958,0.0345328227086428
0.482819785324981,0.00290986229969512,0.0059167732863902,0.00886029653520321,0.0174222497017914,0.0339564994442821
0.482982400964026,0.00272988505598269,0.00563700038678893,0.00850320132461999,0.0168899648842906,0.0331731311003641
0.483103573999402,0.00268845433393992,0.00555773069667783,0.00839376111751765,0.0167112304969563,0.0328931236580693
0.483235342156861,0.00260361082141474,0.00541649829660526,0.008208042293261,0.0164236446748778,0.0324575688143367
0.483245567336295,0.00270055224059801,0.0055427355015222,0.00835549977865315,0.0166179939369968,0.0327169583673428
0.483330967158783,0.00255253821938103,0.00531396016346895,0.00806365921839682,0.0161825346175932,0.0320748962630406
0.483433087776363,0.002511511794888,0.00523861110894998,0.00796055590714874,0.0160149553126739,0.0318121917576693
0.483576237167504,0.00237319078292239,0.00502078973714896,0.0076801690718586,0.0155908918442428,0.0311790208109269
0.48375171531752,0.00225463083471717,0.00482924877397975,0.00743071542309359,0.0152074366132736,0.0305985239871736
0.483886930313584,0.00220379523347066,0.00473613787683423,0.00730302911372055,0.0149980745577906,0.0302660144018644
0.483808566651065,0.00239789283284987,0.00500517406320825,0.00762759735028852,0.0154454632054822,0.030883997712492
0.483867027778003,0.00227380542440552,0.00481421594160445,0.00738375321605926,0.0150798449319967,0.0303412229255624
0.483996214187294,0.00215706340099872,0.00462961933694711,0.0071451673171671,0.0147160403524195,0.0297932032402794
0.484104726304566,0.00205770530245092,0.00446818025299437,0.00693388606944207,0.0143882129179782,0.0292920703992753
0.484228922233246,0.00200723219982158,0.00437755053743481,0.00681006077395855,0.0141851081870605,0.0289681411153857
0.484263665295754,0.00206670587448923,0.0044496392552615,0.00688949171242436,0.0142771622056273,0.029071181778413
0.484369580732526,0.00196593728640335,0.00428952787345608,0.0066816177912464,0.0139573722274994,0.02858489845058
0.484505124259262,0.00187754631242149,0.00414503862452502,0.00649161218883992,0.0136598895328599,0.0281258735270515
0.484563246015505,0.00190674299322385,0.00417268107606833,0.00651552083778452,0.0136707364121589,0.0281098441651691
0.484646087553724,0.001879439162972,0.0041200373481816,0.00644101346624901,0.0135423912404926,0.0278970199197546
0.484752412039399,0.00180646552319287,0.00400019391349571,0.0062827212279444,0.013292498745678,0.0275082298811132
0.484856813664193,0.00175500884883136,0.00391074314825706,0.00616149855852703,0.0130944264009855,0.0271915806699253
0.484920696523096,0.00176624263710083,0.00391357692039012,0.00615525879974664,0.013062675875655,0.0271145877005658
0.484996045033993,0.00174419567991873,0.00386928300301264,0.00609134647134508,0.0129495391312999,0.0269227226533981
0.485082111263184,0.00170132213201373,0.00379451071305067,0.00598952751369854,0.0127815726797787,0.0266516281395296
0.485166241846528,0.00166849932740978,0.00373411658729312,0.00590535510708686,0.0126384800136258,0.0264153800080848
0.485099476215643,0.00187411130165843,0.00402547020978911,0.00626011478778305,0.0131322293234496,0.0270999951584776
0.485142475824664,0.00175887398445568,0.00385179071595904,0.00603956370653447,0.0128018118892568,0.026606580305796
0.485207581770375,0.00174120606511614,0.00381695226765679,0.00598929022149964,0.0127121775403111,0.026453139229734
0.4852041773617,0.00186882278516604,0.00399656929453503,0.00620671094889414,0.0130111118662943,0.0268617569366353
0.48524889817052,0.00187652750153862,0.00400433762933363,0.00621274863164917,0.0130098751581652,0.0268448765061014
0.485314852725342,0.00171592513453283,0.00376347698617924,0.00590840265666245,0.012558064324308,0.0261761508703237
0.485393463073111,0.00168407443406235,0.00370674816446918,0.00583035760328803,0.0124271838363626,0.0259616955562812
0.485476021750145,0.00163278402453579,0.00362173284886174,0.00571718979188653,0.0122455886764526,0.0256740460829518
0.48556376934364,0.00157775947828084,0.00353056853322202,0.00559592161775176,0.0120512253371378,0.0253664429425487
0.485642766367611,0.0015451856839735,0.00347185080244245,0.00551469202432369,0.0119138866934132,0.0251397287627471
0.485715078044485,0.00152156990657662,0.00342654405893781,0.00545026898883249,0.0118009778517424,0.0249482349175943
0.485729958373405,0.00159916580788031,0.00353090269740017,0.00557279773689767,0.0119596547823275,0.0251497440556085
0.485719639125557,0.00177421593603375,0.00378261987950175,0.00588137184835123,0.0123928570404449,0.0257541554874906
0.485751310006272,0.0016848145058421,0.00365020987196849,0.00571428034813812,0.0121438144908407,0.0253825504291794
0.48569406082927,0.00196422360962275,0.00405726525687181,0.00621771960795974,0.012862152403627,0.0264025633275321
0.485782796841703,0.00208995414268437,0.00424727465359882,0.00645618920112873,0.0132086662937665,0.0269016407723282
0.485745031031849,0.00191394289649227,0.0039941207450412,0.00614305788237009,0.0127581703936596,0.0262530377575839
0.485776623717182,0.00196550339358909,0.00406821531875222,0.00623332974202669,0.0128825771622571,0.0264222006574716
0.485810795466657,0.0018124485605982,0.00384266464002485,0.005951026850989,0.0124693029194247,0.0258177853318403
0.485891807131756,0.00172071925840986,0.00370188225249567,0.00577109351688165,0.0121972989317791,0.0254081103627842
0.485960793904654,0.00161154391261036,0.00353343345398493,0.00555541042553325,0.0118707058783715,0.0249158072908303
0.486048630323903,0.00155826921078266,0.00344511853436107,0.00543823395802204,0.0116837118750238,0.024620786852346
0.486112041827506,0.00154431102884417,0.00341478899028508,0.00539331273631319,0.0116011737058179,0.0244760703813979
0.486173499771791,0.00152474212416205,0.00337722563116741,0.00533992214596146,0.0115074120276169,0.0243163526943266
0.486259664604008,0.00144516010917128,0.00325153779702043,0.005176764856141,0.0112547371044252,0.0239272378702922
0.486342844934523,0.00139855827148295,0.00317273797576289,0.00507101371864501,0.011082909171498,0.023651676487397
0.486398235751429,0.0014003858493645,0.00316522753886303,0.0050540676234137,0.0110394753999759,0.023560960751767
0.486471683512947,0.00134872357890673,0.0030801800719724,0.00494113824569443,0.0108583299112604,0.0232730557251739
0.486528754846394,0.00133951958324708,0.00305689250248614,0.00490472362198831,0.0107869463409133,0.0231420715376628
0.486592350266178,0.00130938550744004,0.00300354222190901,0.00483124465501729,0.0106626626495693,0.022935638124229
0.486662028201103,0.00126824179708009,0.00293377913306834,0.00473715734792453,0.0105081460019603,0.0226849708698523
0.486719554448664,0.00125573823543893,0.00290580598840999,0.00469491438148969,0.0104281298095506,0.0225409448251944
0.486756439925409,0.00128081407912709,0.0029339016199198,0.0047229887094797,0.0104508053302024,0.0225461113081855
0.486809620979176,0.0012585208924089,0.00289376148024482,0.00466688817739501,0.0103533879925021,0.0223802641130885
0.486874518877383,0.00121204984788528,0.00281756351835765,0.00456556570980755,0.0101898686739118,0.0221181963243591
0.486922632584374,0.00121202051957786,0.00280891717054257,0.00454795632519135,0.0101465253094486,0.0220280920916887
0.486979600891396,0.00119619603927124,0.00277783124939379,0.00450284232819488,0.0100642809352349,0.0218829797637353
0.48700058344979,0.00125176639518521,0.00285216928797829,0.00458934571326498,0.010173089421493,0.0220140594750999
0.487049775752394,0.00122062221450913,0.00280100542027739,0.00452069689063797,0.0100598924797919,0.0218282605810826
0.487115358475347,0.00115834560628838,0.00270278172829544,0.00439267653802107,0.00985921801644143,0.0215143116709205
0.487143708605702,0.0011956769081653,0.00274987495791132,0.00444501992628451,0.0099181219944669,0.0215727404912404
0.487152280351302,0.00128695107160941,0.00287870051257741,0.00460063295021544,0.0101295104054838,0.021854902466053
0.487172351971541,0.00138062027788615,0.00301429040648838,0.00476665701291522,0.0103602058615469,0.0221704129882472
0.487207153250542,0.00124708149109875,0.00281715870519904,0.00451906240110096,0.00999434229037277,0.0216285187574548
0.487214584176346,0.00132727180687807,0.00292984177146036,0.00465485781104557,0.0101779254855605,0.0218719502496316
0.487123152869416,0.00179921518253017,0.00362396681950173,0.00551830454002475,0.0114214661402822,0.0236525374176824
0.487116917984557,0.00172454361121444,0.00352692956735342,0.00540375941092561,0.011266138912252,0.0234377662582478
0.48718647246663,0.00194497880367531,0.00385816789539562,0.00581966316892117,0.0118722436678312,0.024313204786227
0.48733071592126,0.00218165250672707,0.00421913111615483,0.00627625787787877,0.0125452066928564,0.025295585053683
0.487457868028912,0.00223166094832419,0.0043094846324834,0.00639828987753428,0.0127398705236027,0.0255964412471404
0.48731208900272,0.00197130796149789,0.00393962288009692,0.00594494691530203,0.0120981229397571,0.024687199820054
0.487348139910647,0.00190262044495145,0.00384104760319448,0.0058233666294637,0.0119234979417123,0.0244348666335598
0.48738794687929,0.00175260777917774,0.00362079077347929,0.00554887972756371,0.0115247951900943,0.0238558616222188
0.487384060013082,0.00186759037559842,0.00378706130378578,0.00575401104505886,0.0118159901901005,0.0242659604246806
0.487415224551887,0.00186060500217948,0.00377866388021327,0.00574426284271334,0.0118019187164522,0.0242432283629913
0.487434704019193,0.00163949834069942,0.00345368713752043,0.00533910140881823,0.011213608686488,0.0233901959283111
0.487525030645813,0.0015892655478384,0.00337326532247332,0.005234555303505,0.0110516716262764,0.0231406088818405
0.487509545057141,0.0017226055814961,0.00356401891716273,0.00546848413888558,0.0113807131053686,0.0236000821604154
0.48753421452669,0.00156454379856502,0.00333063241969921,0.00517654718972019,0.0109541044149304,0.022977077486485
0.487573465751171,0.00155922293845369,0.00331688379232426,0.00515527459884355,0.0109128906378908,0.022901536322227
0.487537876773088,0.00178180785033937,0.00364062104016341,0.0055558004845256,0.0114847632192882,0.023713048546788
0.487536555999977,0.0016506197583837,0.00345053101075284,0.00532000194822019,0.0111439435459703,0.0232194465246612
0.487572745221989,0.00163425249148973,0.00342388335256155,0.00528466974892415,0.0110866501509564,0.0231262252093721
0.487507028609896,0.00205096978718581,0.00403622518619837,0.00604668039454415,0.0121857253865332,0.0247029361212783
0.487325327773962,0.00179690282716936,0.00367316928340423,0.00560016166285396,0.0115502983549285,0.0237982166910218
0.487362476308959,0.00174798939538889,0.00360059593528491,0.00550899181857936,0.0114154689301724,0.0235978445539833
0.487403032353386,0.00167063965125445,0.00348499502987065,0.00536345273761809,0.0112003219250722,0.0232795740234976
0.48744416537973,0.00163065329774562,0.00342246719700069,0.00528287126958626,0.011076661470047,0.0230898903389624
0.48753627467656,0.00154158025762586,0.00328708287007225,0.00511105281534906,0.0108199069276726,0.0227069211884297
0.487558872290198,0.00155209590574506,0.00329653525716349,0.00511866186505864,0.0108205623140782,0.0226920000377273
0.487610429725564,0.0014739138292287,0.00317675042443222,0.00496590359465771,0.0105904243471394,0.02234595773687
0.487656990191536,0.00144657574991164,0.00313001173432502,0.00490307597660231,0.010488082840048,0.0221810294683861
0.487708849701189,0.00139762517511601,0.00305163433045409,0.00480085074643371,0.0103286762856415,0.0219336723669863
0.487774568123726,0.00131711319496911,0.0029259953397712,0.00463918051906862,0.0100819826507777,0.0215588023363995
0.487756277081992,0.00143475346462946,0.00309118010206261,0.00483943799938991,0.0103580461272553,0.0219359345540102
0.487787068529148,0.00143870877250821,0.00309390888003273,0.00484006418564782,0.010350972253413,0.0219122194650701
0.487823839533228,0.00140795882670725,0.00304533280549667,0.00477664240637474,0.010250990912043,0.0217543628213209
0.487869796727084,0.00135128026830867,0.00295750318096663,0.00466365295246636,0.010077901247625,0.021489395403565
0.487931605201771,0.00126491853132421,0.00282437866707042,0.00449323003598417,0.00981956898075657,0.0210988301764385
0.487930642361047,0.00134919697424673,0.00294102770830687,0.00463325326496176,0.010008805579747,0.0213510260684115
0.487970094315535,0.00130129697416238,0.0028666836788053,0.00453729700833482,0.00986065724512701,0.0211221283637373
0.488024896153375,0.00122823689393599,0.00275358756368511,0.00439202395361304,0.00963897991181565,0.0207845242911681
0.488071218501214,0.00120424533556583,0.00271106526082788,0.0043336993576306,0.00954100293834371,0.0206224123043051
0.488097744474431,0.00122810368819173,0.00273943678577196,0.00436396530856643,0.00957168321442845,0.0206461721884222
0.488139170042905,0.00119609457527427,0.0026870059298313,0.00429434158657799,0.00945941204904795,0.0204658883111789
0.488173516985448,0.00119467028172322,0.00267900490223459,0.00427973843211722,0.00942602843078945,0.0203983157394919
0.488217185725987,0.00115730310051846,0.00261852306962287,0.00419995808346693,0.00929873713004404,0.0201958894887677
0.488264193831777,0.00111865543395565,0.00255534885682457,0.00411632765969478,0.0091648054187217,0.0199824960818079
0.488290744187965,0.00114192651496525,0.00258297500177077,0.00414564439426666,0.00919387076962634,0.0200033355729117
0.488334074920391,0.00109991016354779,0.00251581812789491,0.00405758163364748,0.00905453667203395,0.0197833005357946
0.488386859752467,0.00104513021678018,0.00242873809516943,0.0039440036311171,0.00887681165923974,0.0195060576216599
0.488432030426943,0.0010224246449972,0.00238786743122575,0.00388739662609138,0.00878020600590329,0.0193439549940405
0.488463931363595,0.00103050845257986,0.00239265527409305,0.00388786345822729,0.00876650554994853,0.0193016129606122
0.488494788865465,0.00103653782117224,0.0023954891745693,0.00388650819260579,0.00875139896103531,0.0192587245512473
0.488518133062347,0.00106358632127105,0.0024300246733513,0.00392511775556,0.00879507596383695,0.0193016962028073
0.488538051917787,0.00110283788380545,0.00248379131243086,0.00398846209965578,0.00887615933666857,0.0194005800797022
0.488573060191612,0.00106482033702986,0.00242483839016623,0.00391194457460328,0.00875611300151308,0.0192112864058405
0.48860822703554,0.00104693022181745,0.00239409824000489,0.00386978058913318,0.00868414060075654,0.0190892233258863
0.48864723184197,0.00101665269769517,0.00234479196663446,0.00380427770452445,0.00857795837699396,0.0189173022887589
0.488652875105521,0.00109175883268275,0.00245042570045455,0.00393178590822336,0.0087509652597108,0.0191474596719152
0.488692698964516,0.000999477834497165,0.00231198206068797,0.00375644819716822,0.00848840536801809,0.0187534231143964
0.488732247658556,0.000977813198985914,0.00227436383991411,0.00370494936710789,0.00840133144278566,0.0186075634400832
0.488759747255805,0.000988752824866203,0.00228492579224154,0.00371358808994454,0.00840145048365392,0.0185874736622815
0.488529716115271,0.00161720263636848,0.00320803073871137,0.00486178066333444,0.0100557855061843,0.020957134705172
0.488901373083539,0.00203692475785551,0.00384376161441806,0.00566359051569308,0.0112331440604225,0.0226698491985827
0.48877929616208,0.00185548331714235,0.00360063050986918,0.00537411926078339,0.0108402598240664,0.0221326663809776
0.488887376802738,0.00212690608599337,0.00401329699672848,0.00589593783965116,0.0116095624464155,0.023255475608368
0.488941847000767,0.00212550970230046,0.00403027773290411,0.0059282638044117,0.0116782815181041,0.0233791088461338
0.489170321551244,0.00263129258636515,0.00479187915889026,0.00688775477976992,0.0130875584055057,0.0254329113459214
0.488465349422622,0.00203426392872363,0.00393967184141476,0.0058417816768561,0.0116069002350009,0.0233396303340561
0.488464290439405,0.0021352782078323,0.0040918906947542,0.00603418170390868,0.0118908944603067,0.0237544094910374
0.488450142342952,0.00197746174521061,0.00386733630805857,0.00575938686905691,0.011503553419372,0.0232079686469755
0.488291411106732,0.00278100504075775,0.00505541850982278,0.00724373202041578,0.0136592840770378,0.0263216327244298
0.488075843272667,0.00256683013110025,0.00476905413085686,0.00690452271575726,0.0132051720511503,0.0257123553430689
0.488108785258054,0.00253905307366859,0.00474356219183927,0.00688279856951561,0.0131952266839749,0.0257244773577209
0.487932955925365,0.00215136898585847,0.00418432223581927,0.00619359712107464,0.0122147996917299,0.0243333364042055
0.488036553378229,0.00187692595560064,0.00377824179500444,0.00568721034469451,0.0114821538874629,0.0232781693601938
0.488093481133986,0.00183875461011899,0.00371419547384038,0.00560345051404811,0.0113532707196279,0.0230826123084439
0.488172529185339,0.00168614020786586,0.00348350310727935,0.0053128310017216,0.0109264206797248,0.0224592475923524
0.488160174464545,0.00177443064731803,0.00360524337014231,0.00545999371345395,0.0111299091446345,0.0227396311495512
0.4878389717364,0.00277001016822847,0.00507078511943949,0.00728666761289047,0.0137735750998197,0.0265465952253158
0.486857016854048,0.00223669223957311,0.00431418624151159,0.00636093689608145,0.0124697852686833,0.024712751047639
0.486884259368009,0.00210617676818065,0.00412587131427843,0.00612921720090552,0.0121412558156541,0.0242478925441399
0.486927460766663,0.00193289941709607,0.00387087451418342,0.00581210168178843,0.011684324270031,0.0235920496676841
0.487004702842152,0.00180097672286516,0.0036721921208532,0.00556234445510753,0.0113188525347657,0.0230603071102454
0.487055265629684,0.00176453980085415,0.00361189307296973,0.00548359462098445,0.0111975959458517,0.0228760215502787
0.487045036191617,0.00187066959222266,0.0037627521570754,0.00566861193462215,0.0114590597447637,0.0232439681199439
0.487061515377848,0.00163258244899557,0.0034110741944074,0.00522975299707717,0.0108227202231124,0.0223250731017505
0.487131215712886,0.00157935367610805,0.00332400544412237,0.0051161514104186,0.0106475667207068,0.0220584766160877
0.487210007398384,0.00148852842635699,0.0031820549956267,0.00493427344025948,0.0103736451223808,0.0216494355316797
0.487280227578991,0.00143149047395238,0.00308866440642669,0.00481209220433671,0.0101842152468377,0.0213595178599926
0.487275789590571,0.00150844456085728,0.00319291395891588,0.00493633395682072,0.0103514037967543,0.021582996828708
0.487334627851675,0.00139614288743068,0.00302228576455865,0.00472012841565992,0.0100302331786463,0.021108349893807
0.487330944436793,0.00147281346946722,0.00312702976247214,0.00484540721356191,0.010199589008722,0.0213355333232544
0.487380288187388,0.00137129872626951,0.00297298554870262,0.00465018535992957,0.00990925709148135,0.0209056766867141
0.487438101798426,0.00132280235653951,0.00289397613501215,0.00454666874193897,0.0097478227480211,0.0206566650835347
0.48750249383582,0.00126147992923248,0.00279569270655516,0.00441882591462082,0.00955043365636242,0.0203548009329147
0.487474202977192,0.00138181687346361,0.00296455765663352,0.0046236950135151,0.00983389189158181,0.0207444917849488
0.487510450245687,0.00132065932169327,0.00287103830727306,0.00450435237758965,0.00965390476893753,0.0204737487414861
0.487464436775725,0.0015132662297909,0.00314953230829874,0.00484773542599196,0.0101415994857032,0.0211621050614271
0.487463116908755,0.00133973499122507,0.00289504889153791,0.00453047186030874,0.00968081840684535,0.0204939838171879
0.487289678551363,0.00172960232065064,0.00346437994416422,0.00523665482955621,0.0106942431612526,0.0219403608396213
0.487214742777809,0.00155053614135774,0.00320860302540723,0.004921930761377,0.0102458462394139,0.0213009597287663
0.487243275560179,0.00153692790512885,0.00318779351481506,0.00489508519578052,0.0102039185696661,0.0212345676250728
0.487241942627475,0.00168623576892306,0.00340695331397347,0.00516736837726372,0.0105949008614328,0.0217915567026462
0.487204950939676,0.00144379347027451,0.00305352848380204,0.00472857011144612,0.00996234218640164,0.0208816071069958
0.487139605333782,0.00162729052423557,0.00331878184747791,0.00505587445153918,0.0104280543894057,0.0215403263613545
0.487173655563821,0.00171154172463197,0.00344522731847777,0.00521443813832762,0.0106582906532739,0.0218705643697922
0.487241051537253,0.00234352821896489,0.00438099627053017,0.00638341119831508,0.0123541117291126,0.0243152506636099
0.486482424551543,0.00183054134918118,0.00364829230733027,0.00548352586401883,0.0110790052583508,0.0225113324857049
0.486529685465028,0.00176508564301592,0.00355201181398832,0.00536372748063698,0.0109057613111143,0.0222608407183413
0.486497486475896,0.00196032194121719,0.00383915941252609,0.00572143253422251,0.0114224729832232,0.0230022958701687
0.486432768383833,0.00174285546283457,0.00352533570932715,0.00533412545216873,0.0108695858979202,0.0222143469653966
0.486458377925998,0.00174826005841937,0.0035312843837611,0.00534041685953079,0.0108760001321346,0.0222190572232419
0.486487201961045,0.00172696113509177,0.00349924777398265,0.00530008058890056,0.0108163335252355,0.0221302451213122
0.486534003180058,0.0015376757118027,0.00321934211189468,0.00495050104353525,0.0103085892169076,0.0213956341377579
0.486616281203712,0.00145438383416897,0.00308979965516783,0.00478487677886309,0.0100597829669406,0.0210247914986105
0.486703991458852,0.00137747624537476,0.00296887003476416,0.00462938632424203,0.00982420767056954,0.0206710252221129
0.486755985053693,0.00135512299311406,0.00292760746141064,0.00457267741361048,0.00973033085455155,0.0205195424356097
0.486797488456488,0.00134296060316561,0.00290236232235575,0.0045364258289766,0.00966691460178134,0.0204127841835176
0.486868658168066,0.0012543689756177,0.00276528677627294,0.00436114790145421,0.00940296467687362,0.0200179891763351
0.486905162757397,0.00125840588891259,0.00276279852341889,0.00435247946996351,0.0093776356439676,0.019963571869753
0.486961301073578,0.00120947837128389,0.00268383305495744,0.00424931095429643,0.00921713493052291,0.0197163337594278
0.486993048224048,0.00121804697855025,0.0026889113795295,0.00425047537757121,0.00920664798807784,0.0196837763920408
0.487018702152883,0.00118814201364795,0.00263865282440714,0.0041834020858392,0.0090988565959286,0.0195128003768306
0.487081513988051,0.00112163458041753,0.00253407271113644,0.00404834241394718,0.00889204691691863,0.0191984052428998
0.487122490481807,0.00111434903581313,0.0025154135865804,0.00401956993075076,0.00883729285324775,0.0191006735716059
0.487147349219817,0.00113367371565302,0.00253692068087283,0.00404138497980001,0.00885671905318557,0.0191108048538523
0.487157790203937,0.00118592628672706,0.00260842079147871,0.00412636997530428,0.00896925339916367,0.0192569630114697
0.487200883404195,0.00111478384592257,0.00250010056465115,0.00398835285670147,0.00876142865301138,0.0189447766264039
0.487253616979774,0.00106796807319828,0.0024251873328569,0.00389055838478625,0.00860888582908508,0.0187085871094689
0.48728703456867,0.00106906447493438,0.00242012277652923,0.00387937255864703,0.00858066951007943,0.0186500686615759
0.487323496922594,0.00105683941737444,0.00239633756841164,0.00384534862004849,0.00852036034985041,0.0185464283525968
0.487354587908348,0.00105701602789989,0.00239099172320428,0.00383439607621217,0.0084935758701264,0.0184911594859578
0.487394912197273,0.00102932315105874,0.00234507959767895,0.00377315058609216,0.00839454030120338,0.0183324727222669
0.487448176016518,0.000975908687126791,0.002260712049599,0.00366362550105572,0.00822490196651534,0.0180712054758223
0.487479708944292,0.000981199473342958,0.00226173825061412,0.00365988961000339,0.00820695796073407,0.0180265468791341
0.48748955830489,0.001031086551826,0.00232959440529376,0.00374010170947145,0.00831175665784541,0.0181600341319962
0.487529570633755,0.00099803257756169,0.00227727303032352,0.00367168009904366,0.00820384715281546,0.0179901779450376
0.487575242984183,0.000955614810087466,0.00220998765142344,0.00358393440351136,0.00806660796261938,0.0177764417708415
0.487617070011198,0.000933493269710996,0.00217163168184856,0.00353167057715105,0.007979496336519,0.0176333380576817
0.487646510570731,0.000938838550861442,0.00217372751994533,0.00352980598344819,0.00796522149841085,0.0175949026935563
0.487626552641011,0.00105896769490778,0.00234591585388933,0.00374055546935843,0.0082597992606812,0.0180024396603723
0.487652581365272,0.00102800404339087,0.00229957126499839,0.00368128361419405,0.00816853375934305,0.0178605169165033
0.487692049384385,0.000975890029355697,0.00222020742259613,0.00357981594249658,0.00801415825277857,0.0176253394577984
0.487742983966882,0.000917735227117518,0.0021301948452602,0.00346405272712633,0.00783700397802457,0.0173548283950895
0.487784431278927,0.000897273307831747,0.0020943546582575,0.00341500292360978,0.0077546831027273,0.0172187011118774
0.487831791554914,0.000860256952896476,0.00203423455691882,0.00333571524082159,0.00762860363589697,0.0170195074321066
0.487753280468042,0.00106103416746823,0.00232432839793521,0.00369294223075825,0.00813411159308096,0.0177293097540397
0.487777916525858,0.0011152006393406,0.00240544834775076,0.00379377267988351,0.00827693436188995,0.0179270822992789
0.487799133212708,0.00101797252993651,0.00226374268126502,0.00361707067464798,0.00801879347238043,0.0175487054837024
0.487832164874542,0.000996343193471408,0.00222925530797211,0.00357164091808658,0.00794580969846136,0.0174310899580989
0.487879524125846,0.00092786422143849,0.00212530409409154,0.00343934562890572,0.00774654488184976,0.0171309868460106
0.487922769207128,0.000897180672692477,0.00207516908050816,0.0033730251065938,0.00764045108197031,0.0169621691604681
0.487940027285674,0.000926018997124559,0.00211262629936457,0.00341580832100369,0.00769201699119327,0.017019946740815
0.487977484815153,0.000889512691167659,0.0020553547317439,0.00334138191921173,0.0075757197476886,0.0168381710233511
0.487838927872408,0.00124851022379795,0.00258042953802723,0.0039927527783576,0.00850948548578543,0.0181675480863326
0.487833629733642,0.00118176936928264,0.00248980259853749,0.00388338265194702,0.00835628221873615,0.0179492398055897
0.487853476303141,0.00101500710569505,0.00224651537914453,0.00358076832163403,0.0079176857788132,0.0173135238097498
0.48791148219604,0.000945305348695248,0.00214005860994294,0.00344512062561213,0.00771334700926596,0.017006090712685
0.487956432141301,0.00091283656441131,0.00208722496764922,0.00337553829467185,0.00760293748869022,0.0168317404430872
0.488002849275812,0.000873617011263237,0.0020244048060961,0.00329342654241052,0.00747415297175252,0.0166305566192347
0.48804538150739,0.000846613860074837,0.00197915146256138,0.00323291715297086,0.00737595954406565,0.0164725171269054
0.488090102274868,0.000813850916359749,0.00192536470892979,0.00316169972719575,0.00726206176798874,0.0162915439760664
0.4881293433811,0.000795501973646212,0.00189253138307045,0.00311640186552237,0.00718520539216054,0.0161632500787139
0.488153707303779,0.000808529767565481,0.00190617432986276,0.00312915774043124,0.00719254669178976,0.0161563002565949
0.48815294115891,0.000882734804415197,0.0020111618386828,0.00325648205973059,0.00736707706548696,0.0163916149406281
0.488180263902579,0.000860140043032088,0.00197611650802884,0.00321075883545418,0.00729428533724465,0.01627468783001
0.488202870242531,0.000868000415996917,0.00198485644785068,0.00321901935277692,0.00729843487080548,0.0162671198091481
0.488203906868646,0.000948524323239691,0.00210113638206741,0.00336164169665745,0.00749765241592417,0.0165410670751855
0.488230311723554,0.000891178228540319,0.00201670261511496,0.00325549046315493,0.0073398400986162,0.0163047860759882
0.488259103955089,0.000876076979120617,0.00199201263200952,0.00322239541553766,0.00728490333352246,0.0162131997017751
0.488263742980896,0.000939092467679433,0.0020822753599588,0.00333252582786433,0.0074370775945096,0.0164195028689995
0.488293123855739,0.000879111771144947,0.00199340154366008,0.00322056538002324,0.00727037153224438,0.0161699049300107
0.48831799548215,0.000878217731974882,0.00198927820582269,0.00321293386298846,0.00725197931194487,0.016130595804246
0.488355529914192,0.000828009057772404,0.00191273740234731,0.00311515362672293,0.00710337881493738,0.0159041716023012
0.488358145955391,0.000888689378359832,0.00199832519833262,0.00321875649740899,0.00724471436391594,0.0160932254812432
0.488379870168078,0.000890702770419976,0.00199992189379801,0.00321907251139679,0.0072394498259691,0.0160747046116507
0.4884161178984,0.000825899018552363,0.00190278846931412,0.00309616486054276,0.00705560901604073,0.01579891578358
0.488447270247943,0.000811624712899362,0.00187799765576961,0.00306221299959334,0.00699799824359299,0.0157017949944376
0.488442419100731,0.000822936004821587,0.00189108949984516,0.00307558288459764,0.00700905370905269,0.0157037115187836
0.488469687551908,0.000814278669301579,0.00187549888188852,0.00305360812334802,0.00696975908272143,0.015634064114611
0.488480161078861,0.000861568093902409,0.0019423277706379,0.003134380106187,0.00707915522926496,0.0157784066457572
0.488465924505344,0.00103167428031571,0.00219208385179269,0.00344436551139541,0.00752263966994232,0.0164063980047519
0.488490706632889,0.00106333177421035,0.00224286302357894,0.00350928576936758,0.00761764189000337,0.0165403279585795
0.48850688237734,0.000992300992567419,0.00214157040986899,0.00338429309044753,0.00743732785026859,0.0162776911707033
0.48852865619736,0.000990763393328408,0.0021393534845097,0.00338092758916437,0.00742926676804168,0.0162585372622789
0.488516011656131,0.00116184101244977,0.00239171506349565,0.0036950891995613,0.00788104158833512,0.016901539241249
0.488570799772645,0.00137458950590714,0.00271097163093629,0.00409589038863796,0.00846480925423904,0.0177423778131756
0.48854728007081,0.00127231847574431,0.00257087896336645,0.00392702725769844,0.00823059289474514,0.0174141288590822
0.488558987941127,0.00111692788989289,0.00234627083026568,0.00364928450136692,0.00783187828353373,0.0168411306525488
0.488572868915068,0.00114145330404193,0.00238136154020116,0.00369213868267299,0.00789068479656147,0.016918861115422
0.488601232582817,0.00106330208838734,0.00226665914671108,0.00354907781396736,0.00768208633057797,0.0166137049384029
0.488625621623284,0.00105223152291009,0.00224840450440289,0.00352483520326497,0.00764252856586425,0.0165483248004701
0.488657857117525,0.00100191774551534,0.00217258753782799,0.00342894003807785,0.00749945327407923,0.0163341414784692
0.488678398551008,0.00100659028214674,0.00217665728355735,0.00343194273636426,0.00749804823441602,0.0163220639183033
0.488711808965074,0.000952380866609388,0.0020946899291595,0.00332806946530062,0.00734271454437975,0.0160893114433298
0.488714147300117,0.00101087968691338,0.00217755393155221,0.00342894078952911,0.00748213153886376,0.0162788475447739
0.488741653223259,0.000954783731343931,0.00209396560840494,0.00332367392786344,0.00732599534898859,0.0160463294311659
0.488762279345986,0.000958555717110751,0.00209672896396144,0.00332497203006977,0.00732186594792878,0.0160299247059242
0.48880016663957,0.000884968889950884,0.00198599430005246,0.00318503288712626,0.00711383950178211,0.0157206678096727
0.488639605689025,0.00128427400464436,0.00257079811631865,0.00391148667439886,0.00815816703928701,0.0172118810252852
0.48865899342732,0.00126941300363428,0.0025583722150044,0.00390101188775671,0.00815153030678555,0.0172091384812159
0.488720442097402,0.00167447806568537,0.00316166816347399,0.00465653289465352,0.0092502794752721,0.018793440589118
0.489576284402801,0.00287778652155987,0.00495490093462187,0.00690368728444946,0.0125241326746674,0.0235269050617084
0.4910418727644,0.00340866293894765,0.00579239012963962,0.00798057932410521,0.0141487723972321,0.0259411716413808
0.49346290360968,0.00543709978307637,0.00885134604471735,0.0118378242544982,0.0198229213800831,0.0342177863913559
0.496603764574046,0.0100853682332769,0.0158563219678819,0.0206705126250671,0.0328224685418549,0.0531985431055597
0.495583579352969,0.00869035180183641,0.0140148690371062,0.0185028872917118,0.0299478403287229,0.049374410475118
0.496768125754758,0.0147735578330792,0.0231665738305822,0.0300375861722758,0.0469211472255745,0.0741626694465513
0.474721507658464,0.00935584907514025,0.0152785899565334,0.0202370492191241,0.0327564642212916,0.0537430300238288
0.473218293186664,0.00843623982971048,0.0140024566706061,0.0187036506119764,0.0306709961395249,0.0509197753268763
0.475003569981721,0.0091042640504837,0.0150486340490795,0.0200555387454378,0.0327408799677877,0.0540509222105715
0.484937631560363,0.0121962341668459,0.0197549005826462,0.026032013441393,0.0416477166833112,0.0672133365136922
0.492021023830476,0.0141567117649605,0.0228938447993304,0.0301166826030042,0.0479520961582466,0.0768053000758973
0.489160128872588,0.0124798333860533,0.0205819059947918,0.0273347049937189,0.0441385047411614,0.0715792743992232
0.492411688975623,0.0282921770109243,0.044096071109221,0.0568033463975754,0.087145603440354,0.133951296067072
0.496045546773879,0.0298098471065803,0.047044459721775,0.0609320368960765,0.0941069395565434,0.145221317863748
0.497865095648262,0.0392862024749807,0.0616432262275559,0.0795519218585774,0.121990772872317,0.186562741573561
0.49781127769868,0.0370755599438362,0.0590771502546215,0.0767896772281648,0.118929993569055,0.183327701618811
0.49799190253351,0.0375780835828583,0.0603289954612091,0.0786930563700496,0.122450294818383,0.189385187727446
0.498015932789695,0.0364228353278473,0.0590697717570562,0.0774256972921982,0.121299728959368,0.188623293504992
0.497924218945931,0.0339701848050869,0.0557937999350075,0.0735818700977019,0.116293327510641,0.182161427315623
0.498044581043469,0.0382100005443335,0.0623379012855771,0.0819656115800873,0.12897191567486,0.201161642775987
0.497392106453164,0.031369761173337,0.0525635511594946,0.06999210555859,0.11212786053941,0.177561771534512
0.49742058098072,0.0339462590765282,0.0565009043773064,0.0750320805730373,0.119773646874962,0.189087978453079
0.497147299077108,0.0301019817201316,0.0510256941001694,0.0683548308972701,0.110477854074715,0.176230100113318
0.497041144122456,0.0269763622711801,0.0464820451595945,0.0627653338066278,0.102610618926715,0.165261401355002
0.496977426096264,0.0232867508469409,0.0410266018499778,0.0559885631885328,0.0929188531039647,0.151538112330898
0.497017311150232,0.0212810095282409,0.0379851123354392,0.052180404338173,0.0874403371331365,0.143780937034283
0.497048760659874,0.0197314808481523,0.0356037343003437,0.0491844132986428,0.083110744127248,0.137641390743947
0.497026477683714,0.0207839197665887,0.0370695712341068,0.0509912586265252,0.0857447516865415,0.14153825418308
0.496994232466471,0.0189591868623372,0.0343439852734884,0.0475953964045696,0.0808864099757785,0.13468714176832
0.497005117931911,0.0172761250275148,0.0317835064844924,0.0443784895884801,0.0762309767482877,0.12806052917222
0.496990736466939,0.0181192389331107,0.0329378373085166,0.0457884248526818,0.0782637651587626,0.131051046224558
0.496947306850543,0.0163416471749813,0.030266945683745,0.0424460865954936,0.0734446161383021,0.124202541812921
0.496979499852658,0.0159468367712439,0.029599800293176,0.0415823650128857,0.0721744303729472,0.122418110555118
0.496988605481272,0.0148012741340617,0.0278322476417356,0.039347520637438,0.0689170838527872,0.117765890680838
0.497009624324416,0.0134782682816368,0.0257838345895619,0.0367494622543704,0.0651049286408469,0.112278042306286
0.497028195383088,0.013038926066517,0.0250248630314176,0.0357505887069545,0.0635889730470644,0.110071852992662
0.497041310155836,0.0126667464303535,0.0243774366267509,0.0348964277674055,0.0622911670847962,0.108186865560654
0.497056088079736,0.0118741110294386,0.0231154258510443,0.0332772004800664,0.0598854027266739,0.104703214400005
0.497072470096518,0.0113096868937049,0.0221831882161115,0.0320642891859787,0.0580562212700777,0.102033897901245
0.497072712922577,0.0117024343635734,0.0226698948662292,0.0326249970666758,0.058802658068153,0.103080676261538
0.497077112464381,0.0105120350150019,0.0208413706696281,0.0303071047252747,0.0553943221551223,0.0981565433309114
0.497072347071067,0.0111008048410488,0.0216192314030156,0.0312306330611327,0.0566626043220627,0.0999470305575982
0.497075193359098,0.0100319397786283,0.0199780987098087,0.0291497242565346,0.0536011470891206,0.0955232578407613
0.497093057604829,0.00926341848078303,0.0187541399966792,0.027573828071003,0.0512394677259638,0.092069197200501
0.49709615003826,0.00952062226146436,0.0190407362230323,0.0278805904488234,0.0516012053607923,0.0925325270283403
0.497105734132095,0.00888852345197643,0.0180349161333106,0.0265849458980377,0.0496586703525787,0.0896936676553294
0.497113711201748,0.0088360638870288,0.0178763502762384,0.0263415813885552,0.0492307632565576,0.0890243210646349
0.497122480437578,0.00855132047114029,0.0173846669506156,0.0256874248850512,0.0482157441265174,0.0875167069265928
0.4971321640231,0.00819946310606983,0.0167935798873771,0.0249085143214344,0.0470173052515991,0.0857402499101832
0.497142187073583,0.00787909032160834,0.0162473632728094,0.0241841928162822,0.0458940797274806,0.0840662033041203
0.497149318100888,0.00783973463277553,0.0161172900557051,0.0239796427440308,0.0455243837804187,0.0834770973839652
0.497158043939484,0.00747471378817016,0.0155134176874448,0.0231872166166759,0.044307998209461,0.0816724386563285
0.497169027060217,0.00699778141384748,0.014739458226712,0.0221792545199434,0.0427715398572852,0.0793962066752851
0.497178711225551,0.00679333319436014,0.0143629448302269,0.0216642116900899,0.0419426567140343,0.0781305161758135
0.49718386355444,0.00688897289563027,0.014435113727956,0.0217121408129991,0.0419352252573423,0.0780538899814334
0.497175686335549,0.00802821576996313,0.0160655257632799,0.0237153830858603,0.0447840785047017,0.0821193277157024
0.497181758715847,0.00827017440692145,0.016408540654913,0.0241332422204569,0.0453765010198303,0.0829802545324776
0.497182114447305,0.00774237090576239,0.0156132172410245,0.0231293331971553,0.0439050882092933,0.0808627344726112
0.497187148592772,0.00695698142928174,0.0144159995782398,0.02161130931906,0.0416628034937202,0.0776038279510398
0.497192819528139,0.00696798051243074,0.0143773986145648,0.0215295597389828,0.041483360675188,0.07729547604402
0.497201605551969,0.00649701905439735,0.013634494969827,0.0205723434117724,0.0400405021926429,0.0751712626723273
0.497207213506815,0.00650318859992074,0.0135888615944041,0.0204812198195156,0.0398447604464294,0.0748341667324999
0.497214417635465,0.0060836864751978,0.012920852681585,0.0196163066633054,0.038532020095939,0.0728912571131103
0.497222344284067,0.00586837735340692,0.0125471400037357,0.0191144083475323,0.0377365290440967,0.0716826410262153
0.497225571418801,0.00610732927685577,0.0128472311921997,0.019455247153209,0.0381661480093997,0.0722431257177399
0.497230744521798,0.00605176789771918,0.0127255641146661,0.0192769626673651,0.0378569499948764,0.0717537194380899
0.49723051839435,0.00673694295205603,0.0137022785127029,0.0204727694136852,0.0395469059032,0.0741541907993469
0.497227767809008,0.00583578173966488,0.0123536547138279,0.0187752953423555,0.0370584146463049,0.0705490155978203
0.497235455084994,0.00560668272140493,0.0119685005997639,0.0182641116007481,0.0362578758094857,0.0693400433109615
0.497243443040026,0.00526812684116638,0.0114210916224467,0.0175496622287863,0.0351603257726965,0.0676992120350628
0.49724896726434,0.00528899712273868,0.011401588704088,0.0174924188617642,0.0350119821707063,0.0674217506802669
0.497254687612523,0.00521056344193427,0.0112426762391145,0.0172650835409955,0.0346242242836062,0.0668066384764337
0.497261334278221,0.00494031893486173,0.0108014539822905,0.0166856949889104,0.0337260582838361,0.0654550158208205
0.497266609274056,0.00495497037305704,0.0107777568841932,0.0166256480442914,0.0335771513988013,0.0651786340958843
0.497266283860259,0.00556805792539335,0.0116466713712165,0.0176851561953895,0.0350626311630633,0.0672709310805674
0.497269894683599,0.00631271105810473,0.0127336877519358,0.0190309663044905,0.0369916570282918,0.0700355460471258
0.49727847006396,0.00777943050208249,0.0149116646992028,0.0217538231146403,0.0409494727414941,0.0757630676759013
0.497277598452661,0.0074583566106455,0.0144804724353095,0.0212377064017241,0.0402458490161969,0.0748112240227608
0.497284730086631,0.00779740416696578,0.0150008528060598,0.0218971861792515,0.0412243032126598,0.0762597613797857
0.497272030246288,0.00665440501365989,0.0133307631045398,0.0198209666788348,0.0382318973134712,0.0719785758146153
0.497278448055474,0.00608671944276949,0.0124699992932954,0.018732065784948,0.0366258903321443,0.0696440522854632
0.497282319850589,0.00620236386979827,0.0126097525420337,0.0188870167960299,0.0368134360149372,0.0698830170196703
0.497286770914904,0.00567550710031817,0.0118087594240583,0.01787170742284,0.035310944294406,0.0676924724767937
0.497293382121615,0.00540476144943554,0.0113732267475708,0.0173050994419886,0.0344439113604677,0.0663999866550348
0.4972910550598,0.00611603545070681,0.0123906478332775,0.0185539214042868,0.0362132975253125,0.0689125472840006
0.49729470290902,0.0060057625957033,0.0122197407344455,0.0183333770948138,0.0358790626191702,0.0684230165225681
0.497298865614285,0.00599943321466989,0.0121967660775383,0.0182945196527832,0.0358025941006072,0.0682986002115112
0.497302551498858,0.00562407098664423,0.0116272962914825,0.0175724732139663,0.0347330075903662,0.0667392594759756
0.497307962346154,0.00532908507419711,0.0111655514234626,0.0169785174714205,0.0338362652142675,0.0654138826840485
0.497313476509674,0.00514846165084831,0.0108677966269929,0.0165862688571756,0.0332257086673384,0.0644932618695475
0.497319017793922,0.00495344184641607,0.0105478630909979,0.0161655632866782,0.0325718852750178,0.0635073181526581
0.497325108042719,0.00466349039070662,0.0100856201961324,0.0155657265903766,0.0316548020057855,0.0621371368608271
0.497330730007004,0.00454968957159791,0.00987978709348151,0.0152836490706811,0.0311935709902399,0.0614178615218606
0.497335117982616,0.00458739492036668,0.0099004314011282,0.0152857070849937,0.03114691222845,0.0612986111391973
0.4973369371345,0.00500312968931964,0.0104869699474963,0.0159986490890461,0.0321401614100883,0.0626886947392829
0.497340418908724,0.00473812367626082,0.0100809580406131,0.0154797397982477,0.0313607150725201,0.0615384068785921
0.497342999559744,0.00506454038172634,0.0105412717860317,0.0160385623539679,0.0321373116277658,0.0626237301307451
0.497346399100277,0.00557915547773122,0.0112931458209977,0.0169694173068443,0.0334697871034155,0.0645293381442837
0.49734791639642,0.00522637650969856,0.0107748964726637,0.0163209656982156,0.0325239780143574,0.0631640255050227
0.497351689318554,0.00475473414827036,0.0100644510720164,0.0154231328908139,0.0311977224542338,0.0612286323604068
0.497357489917064,0.0044327450156177,0.00956165484692326,0.0147767331431054,0.0302204168995591,0.0597779316610688
0.497363334025221,0.00420664957870652,0.00919529964736438,0.014297438663829,0.0294786354344586,0.0586583480178372
0.497367903845591,0.00419328766961204,0.00914226669311495,0.0142086131990975,0.0293015107495959,0.058350430609509
0.497372888034834,0.00402280312885789,0.0088611394947301,0.0138370803149927,0.0287179596048752,0.0574600616329597
0.497375906937963,0.00421657035353964,0.00911758103492209,0.0141364344793697,0.0291070109467988,0.0579712248940459
0.497379924011672,0.00416284154846398,0.00901738659440044,0.013995568489896,0.0288672279102408,0.0575864019960319
0.497384463071531,0.00386567092053494,0.00855565778965379,0.0134021501784343,0.0279684027448363,0.0562479706593847
0.497388948008685,0.00381500728405079,0.00845127557103976,0.0132509757508906,0.0277032400680092,0.0558139787623641
0.497393583076675,0.00368066740764841,0.00822524748055916,0.0129489007495426,0.0272207964679337,0.0550680508476187
0.497396655573956,0.00385504215654793,0.00845524993379261,0.0132162162474643,0.027564347876931,0.0555129850057598
0.49740028267399,0.00391526770457071,0.00852492769024088,0.0132881077566504,0.0276337068135059,0.0555729150540395
0.497404230124924,0.0036337108203782,0.00809077524801317,0.0127315212785929,0.0267923074289994,0.054320336813522
0.497408757814635,0.00350542398539137,0.00787512179896605,0.0124432119444385,0.0263310299638128,0.0536053105626134
0.497413276934081,0.00336328587702604,0.0076380050758563,0.0121274130264996,0.0258282389918772,0.0528281374368973
0.497417426914731,0.00331400660704709,0.00753703402714029,0.0119809306935136,0.0255695489639307,0.0524008543626416
0.497420796826509,0.00340904973997036,0.00765163535042921,0.012104940495679,0.0257058047984182,0.0525457162038556
0.497424619792645,0.00330126545789847,0.00747137777603059,0.011863482512588,0.0253170080582874,0.0519389985645575
0.497427409166145,0.00351817217017912,0.00776980832107326,0.0122192727787611,0.0257939236117476,0.0525797828918311
0.497430768578562,0.00327707920319924,0.00739858180312825,0.0117428623333169,0.0250710964367718,0.0514988319340099
0.497434534139896,0.00322448118170025,0.0072984815836974,0.011600850788303,0.0248252542786578,0.0510963162440779
0.497438341472221,0.00311621801749735,0.0071165871432234,0.0113569053487161,0.0244317461357893,0.0504808065224608
0.497442329946989,0.00295735750079186,0.00685822769963337,0.0110164376046624,0.0238959476440266,0.0496572191695534
0.49744588760422,0.00296314056342275,0.00684109488843698,0.0109759863818158,0.0237929578267292,0.0494547089969261
0.49744678821121,0.00291875723652361,0.00675282396937746,0.0108483573400449,0.023566585536262,0.0490774955293553
0.49744678821121,0.00288854263509064,0.00668603123951175,0.0107478533672284,0.0233800859386202,0.0487581512755425
0.49744678821121,0.00282463470731597,0.0065701971097747,0.0105865237127263,0.0231060481864131,0.0483131519315105
0.49748750062968,0.00278237522971345,0.00648598065180833,0.0104644615979616,0.0228885189711038,0.0479490231261414
0.49748750062968,0.00272598745274454,0.00638139382429278,0.0103172394422563,0.0226348993535614,0.0475329826827923
0.49748750062968,0.002724856979221,0.006358593796477,0.0102722352834653,0.0225297167185463,0.0473309722985788
0.49748750062968,0.00301376455446979,0.00676727141583221,0.0107678100521022,0.0232125541463494,0.0482695781210122
0.49748750062968,0.00278499114489934,0.00641941507539633,0.0103234936741822,0.0225410569594021,0.0472655461357029
0.49748750062968,0.00280228405244787,0.00642733408727281,0.0103191094422088,0.02249945795752,0.0471603754162951
0.49748750062968,0.00271654802727608,0.0062847768762051,0.01012781852473,0.0221885557346198,0.0466687975254109
0.49748750062968,0.00278270533300637,0.00636538024542486,0.0102145221469106,0.0222797285050181,0.0467555417057971
0.49748750062968,0.00463864432362499,0.0091013869317633,0.0136239294520802,0.0272066455011485,0.0538336656601604
0.497528213048149,0.00609368813117989,0.0113029050005663,0.0163999084312084,0.0312830761973965,0.0597646944203914
0.49748750062968,0.00541205006072342,0.0103686926648216,0.0152733308969026,0.0297238652064906,0.0575997976497121
0.49748750062968,0.00459489671625874,0.00919112406641655,0.0138188787937435,0.0276424310707664,0.0546301251791254
0.49748750062968,0.0052096068174981,0.0101037129661902,0.0149601638847016,0.0292997019398628,0.0570213659395939
0.49748750062968,0.00516141609763643,0.0100565863352742,0.0149143151124482,0.0292568047701616,0.0569861344638293
0.49748750062968,0.00443547309729715,0.00899854533028532,0.0136007116658681,0.0273637609432502,0.0542706946488353
0.49748750062968,0.0040004735682371,0.00834578822968972,0.0127789761381511,0.0261561298591019,0.0525114179378882
0.49748750062968,0.00409860381993834,0.00847354037218103,0.0129274795437873,0.026347299108337,0.0527588100246313
0.497528213048149,0.00437641853976192,0.00887619023113579,0.0134244874948028,0.0270543843299455,0.0537617563544213
0.497528213048149,0.00422032049001701,0.00864661430837952,0.0131370431180164,0.0266330335984239,0.0531482239768406
0.497528213048149,0.00456675651117935,0.00915533122574533,0.0137692560414133,0.0275418757714006,0.0544484497081007
0.497528213048149,0.00419118102832718,0.00860618163119933,0.0130855375043671,0.0265511935483303,0.0530204043187555
0.497528213048149,0.0043158697593543,0.00878365110251212,0.0133020917818292,0.0268529901798493,0.0534407633423494
0.497528213048149,0.00501369086121122,0.00981632498726669,0.0145914952417807,0.0287215152549757,0.0561321640536035
0.497528213048149,0.0045111144080356,0.00909238679035907,0.0136971487507939,0.0274407721680603,0.0543038981555131
0.497528213048149,0.0040534290428543,0.00841268164353012,0.0128454774527029,0.0261972239566435,0.0525013394932335
0.497528213048149,0.00386157959897863,0.00811359499342496,0.0124619295635005,0.0256184921398127,0.0516408525438958
0.497528213048149,0.00419308226756794,0.00858817920350598,0.0130445640549425,0.0264416837287503,0.0528018714913769
0.497528213048149,0.00405892911571295,0.00838716376490339,0.012790538802602,0.0260644932524419,0.0522470031921327
0.497528213048149,0.00438174226417411,0.00885809874025607,0.0133738651948336,0.0268990647993605,0.0534361213439331
0.497528213048149,0.00372202327101702,0.00788461562914125,0.0121575542589834,0.0251301304819405,0.0508792524489269
0.497528213048149,0.00480927414606292,0.00947631131187597,0.014135550210371,0.0279789878143138,0.0549627015167285
0.497528213048149,0.00391495698996504,0.00817150026851408,0.0125143171586334,0.0256400466773791,0.0516037615467016
0.497528213048149,0.00362556223521709,0.00772724895957962,0.0119487708806896,0.0247956298264994,0.0503579452237069
0.497528213048149,0.00338401934583534,0.00734928722226436,0.0114631459007808,0.0240610674995463,0.0492630912637893
0.497528213048149,0.00327371523462648,0.00716270226391576,0.0112147673830418,0.0236669211127009,0.0486543262903531
0.497528213048149,0.003348090028895,0.00725089136669251,0.0113103966074636,0.0237733915193497,0.0487687726416397
0.497528213048149,0.00338889566812982,0.00729541725913403,0.0113547842228915,0.0238118081396593,0.0487919516286858
0.497528213048149,0.00328410942561327,0.0071272282390856,0.0111348654035904,0.023469197911534,0.0482682890866405
0.497568925467225,0.00316796811611135,0.00693984062114582,0.0108895283034908,0.02308675090535,0.0476837334282293
0.497570750556117,0.0034153030763773,0.00728919871897016,0.0113142612698176,0.023676165616525,0.0485000330200353
0.497573468480325,0.00357068696140878,0.00751246995054279,0.0115871698245703,0.0240564156322618,0.0490272656881638
0.497576142706509,0.0035747802092481,0.00751580600831718,0.0115876181857226,0.0240457652732622,0.0489959136649034
0.497578605482889,0.00340851125651992,0.00726546927949854,0.0112702494585664,0.023571956966189,0.0482944219716338
0.49758133989596,0.00318065415086213,0.00691804790044275,0.0108281397653111,0.0229101498344655,0.0473137966295284
0.497582927814507,0.00352099946270381,0.00740654064068613,0.011427800031733,0.0237558887329638,0.0485024998090953
0.497585145094489,0.00333034047733381,0.00712180689010658,0.0110683434570154,0.0232225550456742,0.0477166051974812
0.497586399354763,0.00388926031565633,0.00794011802574116,0.0120839381248852,0.0246800575624522,0.0497969202833559
0.497589795850254,0.00409330324638934,0.00825158640733878,0.0124767964099393,0.0252542950946796,0.0506267102910185
0.497593713867318,0.00454718011733738,0.00893539928063832,0.013336852529692,0.0265114351933578,0.0524475127826814
0.497593857789303,0.00416893176773198,0.00839685261650388,0.0126748213543775,0.0255688626294609,0.0511065596930259
0.497596094763363,0.00398688210629734,0.00813081520246148,0.0123433263473169,0.0250869013223499,0.0504086517959334
0.497598226082382,0.00438655958448991,0.00872086727792165,0.013078964589914,0.0261497476681126,0.0519344660205177
0.497598719992709,0.00396257205055165,0.00810430782883465,0.0123137601869566,0.0250464613778769,0.0503496864632107
0.49760122026679,0.00379717458447553,0.00785413197726087,0.0119971256158927,0.0245764365027796,0.0496582481208291
0.497602075717825,0.00443071605603008,0.00878447720596461,0.0131547038795213,0.0262456750842546,0.0520519263538837
0.497604311196555,0.00435415698571682,0.00868504563929882,0.0130375125806524,0.0260873159340082,0.0518351926036764
0.497604416365138,0.00374305832137842,0.0077866222987599,0.0119174065948119,0.024463580864813,0.0494940130340331
0.497607291342493,0.00374187153899438,0.00777093623482645,0.0118889968973461,0.0244028708504706,0.0493829120690779
0.497610870106791,0.00343755238644668,0.00731050132208472,0.0113067317856976,0.0235411382112043,0.0481192692136841
0.497614924652903,0.00331377133593716,0.00710992569844667,0.0110448310021589,0.0231358292913032,0.0475039748540828
0.497619012224189,0.0031464718857394,0.00684483451661412,0.0107020033477734,0.0226120304926827,0.0467162143728827
0.497622598439974,0.00316079184749416,0.00684678767541271,0.0106917241301472,0.0225686844672407,0.0466186092176498
0.497626220596256,0.00313096071704107,0.00678725669173644,0.010606668768287,0.0224205658325513,0.0463738467548527
0.49762996466633,0.00301617428245254,0.00660291757346259,0.0103660722873659,0.0220472036435457,0.0458045681743566
0.497633467056625,0.00303985551102184,0.00662181392271312,0.0103784174307869,0.0220390593966844,0.0457597173476639
0.497637192116657,0.00288077023553258,0.00637293581759709,0.0100575787746635,0.0215496510140229,0.0450231232850066
0.497641168973452,0.00275233163912722,0.00616569495774982,0.00978655985018093,0.0211280749699571,0.044379099280843
0.497644519408277,0.00282062896425579,0.00624830349103261,0.00987691692728595,0.0212295657505982,0.0444876473334825
0.497648167003473,0.00274816045733523,0.00612720070226332,0.00971525254381318,0.0209698779008207,0.0440802451720716
0.497651998109148,0.00262433358350209,0.00592881378756907,0.0094562275650407,0.0205671208691694,0.0434643418979039
0.497655477887071,0.00265802234523061,0.00596149173757348,0.00948473369086679,0.0205794656326575,0.0434444560878541
0.497659281675177,0.00249741228529047,0.00570959640542452,0.00915923189929106,0.0200806487466061,0.0426900896521363
0.497663095442268,0.00244654759753675,0.00561636631531066,0.00902981082394306,0.0198621739951906,0.0423350843522442
0.497666910999299,0.00238001669380279,0.00550068670498646,0.00887266506569909,0.0196039118232304,0.0419229689467857
0.497669552510514,0.00260091006599187,0.0058107319905784,0.00924772656387485,0.0201189851950441,0.042627095037102
0.497672980994868,0.00261792936085128,0.00582766524873062,0.00926143092806907,0.0201189232167851,0.0425987066377684
0.497676477752284,0.00254126768584932,0.00570571375185094,0.00910151088324873,0.0198666133155399,0.0422062480141864
0.49767995692254,0.00254641076317166,0.00570243231137363,0.00908856173252993,0.0198251771339584,0.042115153530656
0.497683575479908,0.00242258481805855,0.00550905640201755,0.00883848496424878,0.0194401148448278,0.041528970804363
0.497687267436241,0.0023663295634562,0.00541240048978684,0.00870738552497508,0.0192240770915494,0.0411823388736083
0.497691064581044,0.00226423841426387,0.0052476025855088,0.00849089511149701,0.0188834309956115,0.0406550627044222
0.49769396197785,0.00242979161106173,0.00547759201436632,0.0087670001087955,0.0192567188093187,0.0411562077261339
0.497696923161055,0.00269747189707683,0.00586603501280925,0.00924535341932672,0.0199321668559836,0.0421028415676403
0.497699731127532,0.00247239891249315,0.00553259467188703,0.00882588177292038,0.0193121158322976,0.0411896662678604
0.497703492933693,0.0022991556697895,0.00526656338750669,0.00848540743454808,0.0187965341544541,0.0404157361161472
0.497707455103409,0.00217163400596751,0.00506381923363434,0.0082214470390682,0.0183868852619591,0.0397886543672903
0.497710760306311,0.00224160718418212,0.00515171942188335,0.00831969053739004,0.0185012161273491,0.0399151573350201
0.497714457931519,0.00212572979074201,0.00496875644475784,0.00808176449829544,0.0181317277117639,0.0393483127080394
0.497718084892058,0.00210821599061897,0.00492860985825637,0.00802071877832093,0.0180159520056738,0.0391438865070558
0.497717715406751,0.00282011439081006,0.0059703676222139,0.00931318734782614,0.0198691606703082,0.0417843041338238
0.497719791798748,0.00260672595588936,0.00566496064276901,0.00893494996502556,0.0193211546682073,0.0409883583358912
0.497722864201159,0.00289803730598776,0.00609512840483293,0.00946977649323707,0.0200876081910859,0.0420764778654848
0.497724725850154,0.00255687399962149,0.00559679468988832,0.00884865520739512,0.0191838337557613,0.0407643117019788
0.4977280049074,0.00262564106239711,0.00569193876037098,0.00896176563953087,0.0193320235423996,0.0409540514310938
0.497731392137787,0.00249517751841993,0.00549546391143324,0.00871224927338515,0.0189570109776885,0.0403926413868544
0.497734860693879,0.00248606948043805,0.00547454254805093,0.00867981037453221,0.0188927496000385,0.040274530128519
0.497738437851492,0.00232494435213843,0.00522918794709776,0.00836715793818868,0.0184219153753038,0.0395700961655781
0.497742158747691,0.0022526433904188,0.00511096049489673,0.00821084805224059,0.0181731041290983,0.0391802558871698
0.497744718194643,0.00249766412940698,0.00546244023007286,0.00864154335667174,0.0187768946178746,0.0400206515356284
0.4977477872422,0.00227183499869588,0.0051256882964312,0.00821705729660502,0.0181481582827081,0.0390931828577732
0.497751526417799,0.00218813588818978,0.0049911863277547,0.0080407145013007,0.0178707788945883,0.0386625488815736
0.497755237001018,0.00212409770279944,0.00488477806189343,0.00789882839012935,0.0176420445907019,0.0383003815928674
0.497758885311936,0.00208645410260522,0.00481706094020867,0.00780501491204891,0.0174824786295132,0.0380371445201793
0.497759856011217,0.00261257834844984,0.00558502858497854,0.00875635466794871,0.0188426192228922,0.0399687303186375
0.497761787981574,0.00231303912946093,0.00514761203524037,0.00821086046510461,0.0180474826823105,0.0388114023310686
0.497761594765725,0.00305728048401222,0.00624346149396502,0.00957518821589185,0.0200143093345736,0.0416265195781725
0.497763799945985,0.0028835869063388,0.00600377175570433,0.00928377808231064,0.0196025937292452,0.0410391799691532
0.49776656905488,0.00360447873455149,0.0070778351523324,0.0106287431443533,0.0215576022913986,0.0438563538457872
0.497763972907756,0.00306006285264935,0.00629839431900802,0.00966851123939956,0.02018656998087,0.0418992712050229
0.497767117665913,0.00271801765632643,0.00579396704845927,0.00903815635855823,0.0192677510100228,0.0405648714345316
0.497748980299636,0.00254839438229389,0.00553495469195152,0.00870877449121986,0.0187746558567199,0.0398318004157549
0.497752280012516,0.00235882364635373,0.00524380059266079,0.00833751210981715,0.0182170771208805,0.039001297094308
0.497755431269153,0.00228653050890531,0.00512307374875803,0.00817725427860195,0.017961838546821,0.038602158242488
0.497758604979214,0.00217199130381404,0.00494050385223746,0.00793992679473292,0.0175948459628583,0.0380417020317935
0.497761709563941,0.00210112849363576,0.00482133784125236,0.007780991922469,0.0173398610930472,0.0376405635469061
0.497763476334532,0.00238629677016392,0.00522988865741468,0.00828193185059817,0.0180439923147669,0.038624010567923
0.49776610960093,0.00227365342877552,0.0050601792390692,0.00806619565032202,0.0177189030137236,0.0381354015854518
0.497769026532005,0.00213396850518888,0.00484566681949444,0.00779177120870672,0.0173032886141677,0.0375102711112899
0.497771712083399,0.00217822837145981,0.00489999032369044,0.00785133179734108,0.0173688199122626,0.0375748963002971
0.497774426374133,0.00219564433137208,0.00491765752806674,0.00786679729917706,0.0173736158338161,0.0375554960709528
0.497777104625033,0.00222601206655683,0.00495567621390387,0.0079083820421679,0.017417703952454,0.0375942891603933
0.497779858056404,0.00213078768716079,0.00480892489653056,0.00771969679740718,0.0171285843911989,0.0371536597234757
0.497782628547128,0.00210380183255895,0.0047603370497199,0.00765206767783055,0.0170120926758945,0.036958502967043
0.497783286482676,0.0026987507096765,0.00563342715664704,0.00873702742556141,0.0185713056155873,0.0391831528635483
0.497784954913654,0.0024846512478151,0.00532747627887969,0.00835912987009341,0.0180267783049461,0.0383958961167692
0.49778598635621,0.00320756831485015,0.00639837795003033,0.00969653892235062,0.0199635948489262,0.0411782322609429
0.497792450067612,0.0039645260816507,0.00754228782992496,0.0111384659279266,0.0220788888776425,0.0442484654676745
0.497783438445661,0.00304235984422191,0.0062154565122053,0.00950131648024588,0.0197394946659915,0.0409112269671742
0.497786172154199,0.00298596917403269,0.00613191240960035,0.00939642224730347,0.0195837317280269,0.0406783731837172
0.497788447499573,0.00328427904277535,0.00657466272794234,0.00994990575582677,0.0203854710848639,0.0418284185405941
0.497789061907065,0.00485902268465842,0.00891903710908146,0.012887276119415,0.024664775895155,0.0480135826851991
0.497794603746098,0.00489404270997658,0.00902944542494978,0.0130590042011843,0.024979407875807,0.0485374809995079
0.497794384391651,0.00454926939406828,0.00856278089259356,0.0125017131188389,0.0242207608750332,0.0474978162924123
0.497791361159569,0.00371402013416433,0.00735004092291354,0.0110006889635374,0.0220693305414064,0.0444242796301145
0.497794369069346,0.00355855324390766,0.00711570571056894,0.0107063956372807,0.0216390039572191,0.0437986797937987
0.4977971034127,0.00316062738613949,0.00652230696509856,0.00996284998398913,0.0205546401196282,0.0422272188809616
0.497800425968873,0.0029585439866335,0.00620964254044246,0.00956460083935086,0.0199604945927364,0.0413500509817867
0.497803601235197,0.00279389113135669,0.00595098631415309,0.00923269791417169,0.0194600005133291,0.0406045162856971
0.497806612604506,0.00268450220757922,0.00577329148945235,0.00900120512117433,0.0191034496390675,0.0400641521447535
0.497808578550476,0.00287079862513163,0.00603411035902691,0.00931803422356486,0.0195436479736171,0.0406734830235638
0.497811097891646,0.00284658114756034,0.00599217934327821,0.00926142968131236,0.0194509617899933,0.0405243747629355
0.497813570738888,0.00288674824956105,0.00604525546520287,0.00932337746344258,0.0195300889427025,0.0406227184855223
0.497815869992384,0.00256715151261661,0.00556734789816724,0.00872251816259501,0.0186479234632494,0.0393355047567254
0.49781832642372,0.00260986892703552,0.00561643009622169,0.00877487618389306,0.0187038383198842,0.0393897436584089
0.49782068553901,0.00269129718509531,0.00572740194015965,0.00890707773001169,0.0188804619919713,0.0396232382169146
0.497822767358647,0.00297848294420274,0.00614718904573388,0.00942766830334192,0.0196260483189058,0.0406830641287088
0.497824906948192,0.00284998748331122,0.00596042448661702,0.00919525347577133,0.0192878584537457,0.0401903141369009
0.497827334183782,0.00275084609282454,0.00581090760098557,0.00900591958819492,0.019005510062646,0.0397707232848146
0.497829853835011,0.00260256312761615,0.00558564791681792,0.00872016025565771,0.0185795587379488,0.0391399019605732
0.497832584407602,0.0024012777335147,0.00527812490533146,0.00832930750857088,0.0179963091463952,0.0382767660763918
0.497835467033822,0.002256189422292,0.0050493322862636,0.00803415273967475,0.0175465352881358,0.0375998109630651
0.497838143856335,0.00220421426940545,0.00495672416601101,0.00790808984633574,0.017339944505457,0.0372707545715495
0.497840811502474,0.00212590544695148,0.00482634341991976,0.00773535890327149,0.0170663990163316,0.0368457565889157
0.497843433633104,0.00206512599553714,0.00472166173705925,0.00759448853561092,0.0168384394742503,0.0364855424434095
0.497846065258391,0.0019898837605508,0.00459578085733145,0.00742713537790672,0.0165718569555518,0.036069213175272
0.497848623852808,0.0019448923681442,0.00451430973945679,0.00731497974888463,0.0163846892389318,0.0357664227931348
0.497851076937464,0.00192908816760013,0.00447666946014145,0.00725787968721463,0.0162778907504592,0.0355798572908216
0.497853593803456,0.00186295630696989,0.00436571329151935,0.00710975789618893,0.0160399460846182,0.0352050883055655
0.497855730589129,0.0019504455724132,0.00448165239500706,0.00724488583780559,0.0162127232129079,0.0354220309951148
0.497858122130043,0.00186710646639601,0.00434885681806308,0.00707147560180939,0.0159418307520886,0.0350037082672232
0.49786054148377,0.00181913248285848,0.00426615973662296,0.0069593855651191,0.0157574236838371,0.0347072183678969
0.497862466479574,0.00196757960030747,0.00447419442565003,0.00721062649118443,0.0161006852339105,0.0351719114598662
0.497864694701154,0.00194936551610449,0.00444125228555273,0.00716397705094308,0.0160176829692394,0.0350286860171318
0.497866987934368,0.00187439744540827,0.00432319872070798,0.0070103721521532,0.0157782071854158,0.0346584574016276
0.497868395345313,0.00219526012057722,0.00478945465044901,0.00758616574884162,0.0165965780473399,0.0358127673690101
0.497870133556197,0.00195748816587308,0.00443904099859484,0.00714718541032341,0.015952557323828,0.0348699945545732
0.497872494501012,0.00185770887576144,0.00428328704319482,0.00694607601398841,0.015643490314527,0.0343988156045253
0.497874813152461,0.0018004626183928,0.00418851546927813,0.0068199947328897,0.015440976651557,0.0340785529391954
0.497876998539547,0.00180249084982196,0.00418118427538273,0.00680297097946559,0.0153963430458697,0.0339853777134862
0.497879086385481,0.00183834692465228,0.00422536199177462,0.00685111586753741,0.0154478754239872,0.0340325478761364
0.497881221092615,0.00181735926774361,0.00418725822466585,0.00679748941923195,0.0153536522338392,0.0338716766129846
0.49788339052324,0.00176192293119447,0.00409772277324817,0.00667934049570941,0.0151652191937635,0.0335742997177704
0.497885025851057,0.00197277524104211,0.00440148829599854,0.00705226350841533,0.0156891837139298,0.0343037870670658
0.497886989370466,0.00185616552379389,0.00422760464111063,0.00683229382616134,0.0153599680862547,0.0338112027257055
0.497888862499121,0.00196404606892088,0.00438135292116729,0.007019212598281,0.0156168000106385,0.0341587412194574
0.497890853895361,0.0018545494333323,0.00421695290109619,0.00681059922699724,0.0153032212428377,0.0336878501458335
0.497892863239325,0.00185358493383593,0.00420922474560853,0.00679555358761201,0.0152664447709025,0.033611509517198
0.497893680554781,0.00236606262739483,0.00496293772710679,0.00773302845937689,0.0166150620515905,0.0355361444318832
0.497895774600214,0.00241648285381148,0.00504861878237716,0.00784484941685192,0.0167827660407546,0.0357775757897248
0.497897810175956,0.00250290350465172,0.00518494296029952,0.00801871874291892,0.0170385214042643,0.0361441284469132
0.497898874543243,0.00213488079595714,0.00464810611936625,0.00735112587491301,0.0160718978876956,0.0347470707374916
0.497900710200905,0.00218344538704056,0.0047146014202416,0.00743000358196422,0.0161747434330133,0.0348766689206116
0.497931392618995,0.0020777126801425,0.0045558380123478,0.00722904946291776,0.0158743208260172,0.0344278330254762
0.497932357899472,0.00257304135461259,0.00528462812545089,0.00813617440964132,0.017181222227361,0.0362957254322424
0.497933021172442,0.00218417905792447,0.004720009180332,0.00743564426728391,0.0161703705705794,0.0348389801464934
0.497935605947636,0.00209809630277077,0.00458782393172984,0.0072666621103464,0.0159142497645837,0.0344520203692167
0.497938270897761,0.00191931418283577,0.00431709358165816,0.00692365441290347,0.0154034905581126,0.0336954502549881
0.49794078781004,0.00190857638253466,0.00429101947962609,0.00688397674136502,0.0153284010880634,0.0335618417801776
0.497943324253305,0.00180155243252332,0.00412418056158403,0.00666926189025014,0.0150006531968497,0.0330652889606274
0.497945834527429,0.00173806941735493,0.00401976796521934,0.00653132496358497,0.0147818657734894,0.0327229589921147
0.497948329781917,0.00167635657267581,0.00391774582494983,0.00639614875291259,0.0145665040854952,0.0323847633923555
0.49795058775246,0.00171098784353063,0.0039581577389853,0.00643881148710484,0.014609008919727,0.0324179825804408
0.497954109898656,0.00165216238832804,0.00386276616536134,0.00631314051127573,0.0144096498305414,0.0321050714370836
0.497957608909473,0.00173206970657636,0.00397179165893426,0.00644239572723819,0.0145794594456636,0.0323234920484587
0.497961507744829,0.00160111087451963,0.00377201369806908,0.00618758565225437,0.0141950347396198,0.0317462392313171
0.497965521386956,0.00155444543231173,0.00369303340536096,0.0060814603040079,0.014022048598667,0.0314689604206337
0.49796915915298,0.00160215507740402,0.00375379380948027,0.00614995850374769,0.0141025845878264,0.0315572168941472
0.497973086344783,0.00152896993998649,0.00363816968215629,0.00599944844515351,0.0138677667541033,0.0311934760108493
0.497976790053813,0.00155910298033263,0.00367370624888573,0.00603683882149304,0.0139038554868313,0.0312183007403188
0.497980732818487,0.00148391360380455,0.00355517570243519,0.00588270049376052,0.0136637037252747,0.0308466802506353
0.497984655616857,0.00145619815479899,0.00350502023188059,0.00581291888792753,0.0135438907104496,0.0306461923754997
0.497947778664703,0.00145094649512917,0.0034884053235295,0.00578521731921715,0.0134855254371749,0.0305347324073979
0.497949921657186,0.00179824066149796,0.00399482701861419,0.00641188057505141,0.0143789353773619,0.0317977940013005
0.497953526630628,0.00178323719878666,0.00397608829774287,0.00638864475860735,0.0143411151107376,0.0317315804561871
0.497957180648304,0.00181559220484189,0.0040244704215407,0.0064477529757466,0.0144200813570003,0.0318309430838101
0.497960810032503,0.00168918685240734,0.00383762089159594,0.00621281015004332,0.0140719085351239,0.0313141224612566
0.49796476460003,0.00158633041176117,0.00368080702601147,0.00601267105465248,0.0137689445539201,0.03085662189122
0.497968745509619,0.00152631740013531,0.00358484880188647,0.00588708019055261,0.0135712392309236,0.0305475550697418
0.497972732253514,0.00146911071208986,0.00349231505588232,0.00576529267210636,0.0133780381739863,0.0302437555192373
0.497976708041325,0.00142281216266428,0.00341527435790627,0.0056624395527997,0.013211416529494,0.0299771806759781
0.497980568370149,0.00141158526623813,0.00338990894208473,0.00562398472691671,0.0131378973173083,0.0298443495610853
0.497984509494288,0.00136619219165667,0.00331469168484677,0.00552359800432296,0.0129750883428347,0.0295833544418296
0.497988412355955,0.00134232606734661,0.0032707547220339,0.00546194153641161,0.0128677702214712,0.0294014981822447
0.497992289878925,0.0013233411109136,0.00323427465442673,0.00540970632325408,0.0127742830708353,0.0292396851086172
0.497996187757893,0.00129604863272686,0.0031857445562791,0.00534252867742619,0.0126592783226477,0.0290469706836908
0.497999716954569,0.00136853147424259,0.00328495752691878,0.00546002098228836,0.0128125301930991,0.0292412541088327
0.498003363288809,0.0014070679550927,0.00333695079650781,0.00552024200987349,0.0128860260377791,0.0293242637740843
0.498006483800445,0.00162086847338449,0.00364976679887924,0.00590730205399757,0.0134360473621862,0.0300968151427911
0.498009771264189,0.00142998458964304,0.00336946774533488,0.00555654326875872,0.0129212497518976,0.0293408502950272
0.498013746946022,0.00135958882664413,0.00325973947967585,0.00541458265588852,0.0127012160671994,0.0290007851297612
0.498017428401399,0.00139011925616925,0.00329811386144783,0.00545695140159499,0.0127473730167448,0.0290429807934117
0.498021133822674,0.00140460304542419,0.00331463111132282,0.00547307182601023,0.0127574804300688,0.0290354318361651
0.498024788007645,0.001436622753012,0.00335783916793066,0.0055229888515286,0.0128175630058888,0.0291009749221491
0.49802845848268,0.00145802292489721,0.00338641039129265,0.00555526213928486,0.0128533329716143,0.0291329297428005
0.498031169017497,0.00178114849703609,0.00386257312186786,0.00614756101956965,0.0137038889785356,0.0303419544017972
0.498034461220029,0.00167836719606739,0.00371764196670547,0.00596906801015522,0.0134457056529434,0.029963571925972
0.498038116128267,0.00151375998325428,0.00347489985802333,0.00566485902804617,0.0129982737276155,0.0293049915683537
0.498041973595677,0.00147871519437768,0.00341836826713793,0.00559018880697187,0.012878000745355,0.0291114876887855
0.498045877665542,0.0014139624009586,0.00331772070984701,0.00546024941191628,0.0126771238301372,0.0288012690527746
0.498049785448282,0.00136884221960278,0.00324483531049634,0.00536422245617611,0.0125239115906295,0.028557991056275
0.498012373006737,0.00149104180732618,0.00341947923816244,0.0055774735347496,0.0128198034070505,0.0289625513994592
0.498016052858756,0.0014895712953536,0.00341558265705247,0.00557014317381949,0.012800254325508,0.0289174065491937
0.498019862937333,0.00137236031165654,0.00323961171691115,0.00534735841235212,0.0124670223579201,0.028418954283435
0.498023553463215,0.00139508345434062,0.00326712943784923,0.00537680571996301,0.0124960598913054,0.0284385921514677
0.498027333755504,0.00137060286919953,0.00322641396467739,0.0053218828210657,0.0124042927316457,0.0282858327931648
0.498030801160758,0.00145972334443259,0.0033535701650811,0.00547660783120553,0.0126167407671668,0.0285716225196895
0.498034533556844,0.00138176253321876,0.00323643078886284,0.00532775179103596,0.012391663769369,0.0282300168888753
0.498038461635664,0.00129881064937104,0.00310894027831296,0.00516427952250494,0.012142078546518,0.0278494446937247
0.498042318039582,0.00127735432330913,0.00307046634772282,0.00511087770178124,0.0120500070484412,0.0276934437072081
0.498046112561371,0.00126927400021879,0.00305215139502342,0.00508283588168626,0.0119950410148265,0.0275912063032726
0.498049908429417,0.00125556422629966,0.00302599997793273,0.00504526081456228,0.0119267062586064,0.0274701681218958
0.498053759276245,0.00122078359921724,0.00296875123310806,0.00496885764718931,0.011802021952883,0.0272678570514937
0.498057622044845,0.00119076300311319,0.00291796946271723,0.00490018809104114,0.0116878577502893,0.027079896184241
0.498061451707186,0.0011746527273599,0.00288752253027712,0.00485676399112983,0.011609995585148,0.0269438537826427
0.498065097810287,0.00121176484443806,0.00293613596478325,0.00491229381945292,0.0116761236679956,0.0270157877685876
0.498068326253208,0.00137308046204199,0.00317057208652118,0.00520120910772592,0.0120835136159278,0.027582556627141
0.498071933326042,0.00147226484432498,0.00331813603994522,0.00538453447258826,0.0123434823058833,0.0279433134589141
0.498075435434098,0.00170726274803446,0.00366880607014134,0.00582302068754797,0.012976852507574,0.0288460148262302
0.498078311768894,0.00151102173035445,0.00338646420467964,0.00547354750550857,0.0124721375714592,0.0281141892564797
0.498082167655152,0.00137474997445147,0.00318393990254023,0.00521880860774706,0.0120953056132454,0.0275562621782314
0.498086181957562,0.00128680339528703,0.0030489364135164,0.00504611980198085,0.0118330164282715,0.0271584095485663
0.498090150131515,0.00123430907455856,0.00296479988150077,0.00493601011612468,0.0116595809324395,0.026886387140101
0.498093698180663,0.00129385433953951,0.00304628268027676,0.00503270312914633,0.0117860836354221,0.0270464910694682
0.498097456553781,0.00127191824878169,0.00301003437384024,0.00498387267764962,0.0117043486138416,0.026909606844899
0.498101334058044,0.00120758608614549,0.0029103951275621,0.00485545067169047,0.0115062858515591,0.0266041035318429
0.498105143904534,0.0011956217508976,0.00288668963491862,0.0048210048740488,0.0114428792934388,0.0264907872774382
0.49810896414232,0.0011740346711688,0.00284917431871246,0.00476951654807397,0.0113551018759242,0.0263426871567516
0.498112748480961,0.00116586896693629,0.00283145804142267,0.00474271479500085,0.0113030395833325,0.0262459181359919
0.498116512105088,0.00116184440356051,0.00282020913178084,0.00472417410986845,0.0112633042212547,0.0261672646967984
0.498120275674937,0.00115523149136217,0.00280546523525721,0.00470145046741461,0.0112178442703633,0.0260807216609489
0.498123790008663,0.00122840394313821,0.00290910892595624,0.00482685662716417,0.0113878806546346,0.0263054266969306
0.498127391514942,0.00127920294258356,0.0029822507362031,0.00491566237636769,0.0115077734893644,0.0264611557705316
0.498131033789806,0.00130614349730671,0.00302125105309092,0.00496252413445209,0.0115682424667931,0.0265328896453207
0.498134425302293,0.00145765255143887,0.00324511648711481,0.00524077005730409,0.0119655616659557,0.0270915060850268
0.498138014884079,0.0014117512258031,0.00318074702216841,0.00516113110960262,0.0118477777164429,0.026912366963322
0.49814168122847,0.00141208839089461,0.0031818396739144,0.00516168696415231,0.0118434221732413,0.0268936209421756
0.498145315767837,0.0014399553404077,0.0032233090920504,0.00521252873541314,0.0119118218056303,0.0269795846847952
0.498073254377198,0.00148405819760343,0.00328952343762593,0.00529479458175339,0.0120270494760104,0.027134716460567
0.498074999248624,0.00175789893448156,0.0036969248335253,0.00580413465570705,0.0127638616134976,0.0281878083901287
0.49807725173381,0.00194082401070216,0.00397756803286102,0.00615965442023028,0.013286481046156,0.0289423088227646
0.498078993080826,0.00183781429128723,0.00383746274635007,0.00599094656875085,0.01305113751067,0.0286075426490189
0.498121507316507,0.0016429920068669,0.00355485580840252,0.00564046207576597,0.0125446657024167,0.0278739234773599
0.498123558773178,0.00159492584959494,0.00348270949496993,0.00554915283635338,0.0124071564484918,0.0276644492485232
0.498125618709314,0.00151751426670531,0.00336652024646225,0.00540238090587507,0.0121881964708385,0.0273364332645416
0.498126672014617,0.00190299940307088,0.00393448121638101,0.00611003879354098,0.0132090620443605,0.0287955947589061
0.498128539665353,0.00185882345111548,0.00387890651366068,0.00604557415347275,0.0131225853826204,0.0286730593973267
0.498130469677322,0.00209542448469885,0.00423502190992924,0.00649355610944216,0.0137765856448918,0.0296147325356508
0.498132597767804,0.00217086866706298,0.00435872706825043,0.0066547021731957,0.0140212774359285,0.0299742449687859
0.498134891513182,0.00245193982110982,0.0047866718592556,0.00719619234507798,0.0148189062272069,0.0311322603693349
0.498135275690344,0.00208291964745334,0.00425792609130645,0.00654536065653354,0.0138915200884681,0.0298096595879007
0.498136642951629,0.00242053486892317,0.00476067609831419,0.00717552746005806,0.0148089531041998,0.031131110805988
0.498137062736853,0.00200811868546572,0.0041636897682608,0.00643722449330662,0.0137504627125783,0.0296152262007397
0.498139100082102,0.00195212890045281,0.00407890000412936,0.00633028038347972,0.0135918404863548,0.0293786116782068
0.498141107191368,0.00187044111654867,0.00395625763495243,0.0061759910111903,0.0133642190711601,0.0290420697152799
0.498142897480497,0.00196442629079246,0.00409253125535405,0.00634456285014169,0.0136040174405996,0.0293780334134684
0.498144801642976,0.00194395670423052,0.00406342992118218,0.00630870635598677,0.0135512639848379,0.0292967693044563
0.498146680468377,0.00174120269959924,0.00376337409235867,0.00593354157764878,0.0130043464526298,0.0285012071499979
0.498148810840883,0.00163697307609644,0.00360303298384064,0.00572941215304202,0.0126987414716452,0.0280458333508511
0.498150841015944,0.00159976692442817,0.00354056791279866,0.00564671087181398,0.0125675787238536,0.027839807739572
0.49815291023241,0.00151698131068934,0.00341124366286133,0.00548067992410212,0.012315681402691,0.0274598005728454
0.498154959702608,0.00146522281119065,0.0033266519635877,0.00536977423327538,0.0121421874061752,0.0271909274414827
0.49815699224674,0.00141774608135888,0.00324835736510665,0.0052666171632586,0.0119795745711303,0.0269372024822828
0.498158724912925,0.00150918489276581,0.00337583336631937,0.00542063952948116,0.0121904182484422,0.0272219858457453
0.49816066540072,0.00142749238619901,0.00325098293974153,0.00526151693561049,0.0119506981274694,0.0268614593102254
0.498162526413743,0.00145441107759489,0.00328454844388215,0.00529902287588884,0.011993883535405,0.0269060360105756
0.498164392188432,0.00146729162984828,0.0032991109800668,0.00531376280691176,0.0120058820516758,0.0269076434837846
0.498166311210584,0.00141600373237463,0.00321935788223842,0.00521100001557563,0.0118479225868383,0.0266648490362744
0.498168223821245,0.00139408220077907,0.00318171062545465,0.00516006613911095,0.0117636565506328,0.0265265823131002
0.49817012704555,0.00137420107332763,0.00314706861349931,0.00511284833616997,0.0116846609251572,0.0263957265905351
0.498172151488113,0.00131758699860473,0.00305799325062825,0.00499753498003008,0.0115065825351006,0.0261216984579643
0.498174122511692,0.00133651051078632,0.00307966013195271,0.00501998293519604,0.0115272838489859,0.0261329064034485
0.498176117033392,0.00132770606205781,0.00306175141989225,0.00499377883313962,0.0114788580339996,0.0260460377350522
0.498178042825395,0.00136146450209339,0.00310703829456085,0.005046660024907,0.0115454867493652,0.0261253164245478
0.49818004189153,0.00131742314403263,0.00303851926489024,0.00495808021330796,0.0114081542501173,0.0259120274241528
0.498181861428077,0.0014039294753902,0.00316207129606642,0.00510889055738914,0.0116172390780994,0.0261970236766104
0.498183775121807,0.00143066311224614,0.0032002799547319,0.00515484377964879,0.0116775739325755,0.026271367512406
0.498185741379634,0.0013173936693787,0.00303142940006689,0.00494215171232812,0.0113625469419716,0.0258046470630463
0.498187722878111,0.00130702767565273,0.00301110494930356,0.00491292004652797,0.0113097397425441,0.0257114967622742
0.498189692949319,0.00129237063519619,0.00298493625486284,0.00487663957939415,0.0112471446461231,0.0256046684309853
0.498191672057857,0.00126652389104067,0.00294224913264179,0.00481972024918132,0.0111545521309158,0.025454511967579
0.498193630424233,0.00125614849490763,0.00292213655596578,0.00479080979300584,0.0111022102798124,0.0253619076919034
0.498195483369427,0.00130704511898302,0.00299303088568365,0.00487580409860591,0.0112156106320534,0.0255086831883653
0.498197427526292,0.001264197499317,0.00292706641325484,0.0047908426094702,0.0110842902874538,0.0253047966004151
0.498199049689197,0.00142739377259946,0.00316492557950909,0.00508495404684585,0.0115023205356013,0.0258919905785702
0.4982008384474,0.00162703861192713,0.00346233666420269,0.00545674599073462,0.012039623570658,0.026658382665691
0.498202573842202,0.00153747157696166,0.00333629181884125,0.00530207996198665,0.0118178766964983,0.0263362188947194
0.4982044616203,0.0014767276524608,0.00324781200580663,0.00519154974244773,0.0116548656598309,0.0260930336809991
0.498205072989114,0.00202608802937809,0.00406105676098716,0.00620726407296963,0.0131263351756175,0.0282061255758376
0.498208060793199,0.00238483722644422,0.00460936596467683,0.00690186923360501,0.0141512639672717,0.0296971794559327
0.498211609748031,0.00277400048527349,0.00520918633677281,0.00766494285314375,0.0152841966230932,0.0313540022346079
0.498215780733263,0.00315821546384326,0.0058082599140386,0.00843126451105133,0.0164306573414,0.0330406856857709
0.498214909209257,0.002757598843485,0.00524981731093434,0.00775373932594354,0.0154861212037236,0.0317186430415096
0.498215583495127,0.00229747414463833,0.00458323780650094,0.00692981711465666,0.0143072594395592,0.0300351939511286
0.498217741350696,0.00206355951269853,0.00423648059878653,0.00649689408700742,0.0136791184458911,0.0291271779375321
0.498219797052919,0.00197670104696013,0.00410304766213608,0.00632784932305909,0.0134286098269279,0.0287574234823611
0.498221736730158,0.00192823769844481,0.00402672032535648,0.00623012314995684,0.0132813432609455,0.0285359849596929
0.498223633454902,0.00189076981930801,0.00396724507170571,0.00615364188921039,0.013165121521064,0.0283593768966469
0.498225391742807,0.00194758397085138,0.00404780007245526,0.00625233775241163,0.0133035467048575,0.0285502062953473
0.498226566613187,0.00237543762892811,0.00468113283701747,0.00704389596739769,0.0144522214636075,0.0302025205986719
0.498228287447888,0.00233174364624684,0.00462940961274731,0.00698675904539952,0.014383016833693,0.0301145577424974
0.498230093851208,0.00281703874883384,0.00535656936661027,0.0079008970625231,0.0157205749375542,0.0320517084263154
0.498230500836771,0.00252874636227687,0.00495134263016304,0.0074072053365852,0.0150281378435042,0.0310773105210838
0.498232102544064,0.00233797419174321,0.0046763114015733,0.00706830003303106,0.0145452295838511,0.0303886541993779
0.4982339088415,0.00207647403488357,0.00429017484789949,0.00658679192875425,0.0138477942047266,0.0293823983233218
0.498236048043072,0.00190462949771458,0.00402974816323613,0.00625823111564716,0.0133641553647914,0.0286751894297529
0.498238200627452,0.00176901580916036,0.003820207508926,0.00599148744575831,0.0129665477846352,0.0280876964418358
0.498240035954206,0.00178156079889456,0.00382868323777723,0.00599628794251732,0.0129612646453596,0.0280635664202182
0.498241972941799,0.00170163536460815,0.00370320227495853,0.00583518789631696,0.0127177915838938,0.027698710505579
0.498243959922771,0.00161395054146974,0.00356512412640552,0.00565760170821684,0.0124487702281725,0.0272950979091927
0.498245720379326,0.0016484024485553,0.00360693479127114,0.00570421482679604,0.0125040046745514,0.0273575190085582
0.498247281062299,0.0017696470891497,0.00378027435273159,0.00591688230166078,0.0128035818942008,0.0277757279354788
0.498248956074177,0.00170666738067795,0.00368529132858931,0.00579668746202984,0.0126245403190046,0.0275088679174703
0.498250517219682,0.00180029103582575,0.00381996635343736,0.00596230494855813,0.0128582586700382,0.0278347898547966
0.49825201018169,0.00202278714667682,0.00414909759135719,0.00637308204116193,0.0134522437508571,0.0286849681115458
0.498253515007475,0.00192273496308515,0.00400682206111858,0.00619822900980341,0.0132026638395167,0.0283262232644912
0.49825493956663,0.00217327679910549,0.00437879846658409,0.00666349865334767,0.0138778936166102,0.0292961572094763
0.498256522038033,0.00213080583732797,0.0043243425843174,0.00660005503081605,0.0137936110585022,0.0291799257657755
0.498258102484531,0.00203683815710462,0.00418984752422562,0.00643450521184535,0.0135571157366878,0.0288400310135328
0.498259683608498,0.00213702423313236,0.00433920908150025,0.00662172121202761,0.0138291223510765,0.0292294071857387
0.498261351899617,0.00223833379786108,0.00449361140748026,0.00681718459546442,0.0141169586411647,0.0296458883636844
0.498263043327383,0.00229797395249418,0.00458854305901751,0.00693965754357023,0.0143015102312131,0.0299165184403638
0.498264680023253,0.00229539719680014,0.00459173113164113,0.00694775346518094,0.0143206213206198,0.0299494241715745
0.498268033459521,0.00246029249013481,0.00484164316174501,0.00726360455166064,0.014785666087817,0.0306245033829756
0.498269146241701,0.00344805962393863,0.0063152880371276,0.00911226805233765,0.0174838848305359,0.0345284040042803
0.498278571812298,0.005945033708449,0.0100544254639424,0.0138108716360914,0.0243584944697742,0.0444975581263597
0.498282034925469,0.00577039571688547,0.00990347641960353,0.0136856750202004,0.0243029486252375,0.0445560519965682
0.498298354836102,0.00694076213619987,0.0117127191342447,0.015994176541403,0.0277526081831094,0.0496401234408452
0.498296882584118,0.00654249462806247,0.0112212286501319,0.015440225064415,0.0270715649885774,0.0487971617597678
0.498296101754735,0.00616111187678254,0.0107230501525054,0.0148605683888568,0.0263204398095033,0.0478186612261528
0.498288128818741,0.00502171337009161,0.00908144927851159,0.0128397604472984,0.0234527988962544,0.0437623571841641
0.498289994655731,0.00456676065795343,0.00841511727563005,0.0120158945199895,0.0222804298338678,0.0421038138990777
0.498291915741106,0.00412285159717793,0.00775747435362211,0.0111978827124236,0.0211060631999586,0.040430281459003
0.498293995924647,0.00392762862142472,0.00746038061511603,0.0108255985720568,0.020568867231117,0.0396640022518117
0.498295220266127,0.00410960444372222,0.00772254469487178,0.0111523166729826,0.0210464391893947,0.0403603290417773
0.498296310076204,0.00378457273861053,0.00724403316047277,0.0105586319020647,0.0201971855670967,0.0391535488003568
0.498298147754508,0.00354751115227685,0.00688666194436537,0.0101109276659612,0.0195490731964234,0.038224745541313
0.498300224856055,0.00317765064373908,0.00632869497522039,0.00940987291816735,0.0185273691091511,0.0367505465058291
0.498298701181542,0.00383391653085323,0.00728368592362009,0.0105959815819094,0.0202389073375744,0.0392097481127159
0.498301407558615,0.00438022450842195,0.00810200632123349,0.0116260600821986,0.021752596011158,0.0414149417283905
0.498302610097527,0.00425479150266256,0.00793947643252886,0.0114382108098886,0.0215132009571954,0.041109355627577
0.498301785472504,0.00363477484177457,0.00703439481872114,0.0103165264997967,0.019906399117243,0.038819718157643
0.49830369546336,0.00348418656432945,0.00680367407233731,0.0100258052342769,0.0194831500547742,0.0382114751459352
0.498305540795807,0.00328066063998409,0.00649407913274769,0.0096358877682473,0.0189141927756621,0.037390890324528
0.498306075392217,0.00366219671657069,0.00704829648724589,0.0103240532347654,0.019907794730494,0.0388201356214549
0.498308062815685,0.00410377425868074,0.0077070886293715,0.0111517964861208,0.0211213835736588,0.0405854555765975
0.498308823930169,0.00389208826567899,0.0074104272088802,0.0107921486105658,0.0206237559526748,0.0398975267667968
0.498307401493133,0.00536250794962165,0.00959541768945329,0.0135295686384143,0.0246158880115135,0.0456763202417641
0.498300939616448,0.00466239326801911,0.00861015716704296,0.0123295107735396,0.0229379559473708,0.0433310313602374
0.498303031020802,0.00486754113999658,0.00893092280757627,0.0127427880862061,0.023566890576024,0.0442739437533094
0.498304865352981,0.00485838315684467,0.00893989870403315,0.0127695322085464,0.023640673040642,0.0444231713273852
0.498305569931848,0.00459803455365259,0.00857327823919362,0.0123247845492079,0.0230257655115217,0.0435750842529638
0.498307118332167,0.00454565342720814,0.00850462734605754,0.0122467693895576,0.0229324237884749,0.0434672070787754
0.49830878108621,0.00457391748182628,0.00855460435295399,0.0123164760087268,0.0230524751861772,0.0436657847905743
0.498310058932306,0.0044203845768292,0.00833648436020549,0.012051609595184,0.0226874855037199,0.0431657520998015
0.498305242291981,0.00633328395866086,0.0111753156357226,0.0156062814062768,0.0278680992848235,0.0506621030001467
0.498282634014587,0.00491210942292956,0.00913492051472396,0.0130952153777644,0.0243024561614773,0.0456139916610879
0.498284279901572,0.00462264252273146,0.00871018808535479,0.0125698003221836,0.0235556570692154,0.0445609693889565
0.498285824583001,0.00427527870564517,0.00819465241924825,0.0119276021489209,0.0226323342928379,0.0432453952119689
0.498287481767656,0.00425383349831203,0.0081546448792369,0.0118754264844586,0.0225571405342916,0.0431430231742972
0.498289057919495,0.00429672887428169,0.00821383234007524,0.0119491886457476,0.0226683251800005,0.0433128970603892
0.498290044534372,0.00496109816090762,0.00919772121953557,0.013181238896214,0.0244667381099815,0.0459214627548421
0.498286091585273,0.00418212936184042,0.00806483527731836,0.0117790492802999,0.0224613391210918,0.0430682322492099
0.498288235949552,0.0037919071291978,0.00747829004931439,0.0110430458097121,0.0213909771838161,0.0415280674357879
0.498289281907439,0.00396781555468182,0.00772276083606592,0.0113412790749351,0.021813711268563,0.0421309931843276
0.498290484674589,0.00352999303089193,0.00706877374395971,0.0105220488087956,0.0206236518738154,0.0404186079619989
0.498292507841499,0.00342964334802181,0.00690238722224793,0.0103051780395651,0.0202943622545767,0.0399319582832878
0.498294518311605,0.0032683702471695,0.00664749657632084,0.00997833951375551,0.019806164123275,0.0392165438236177
0.498296181341705,0.00327728706032106,0.00664336521087509,0.00996398848665741,0.0197696692657019,0.0391498633269054
0.498298062514745,0.00307164275287492,0.00632530870953292,0.00955918644360487,0.0191694571869046,0.0382735004259591
0.498299914891895,0.00301129822998882,0.00621836110822592,0.00941578154516223,0.0189438215833935,0.0379315161333411
0.498301854150152,0.00287202160806558,0.00599602904736064,0.00912879987182373,0.0185105646650669,0.0372907342946926
0.498303585645026,0.00285522783781278,0.00595353730599118,0.00906557461853877,0.0184000312320334,0.0371126149989675
0.498305019606748,0.00294524411222869,0.00607189376030788,0.00920479731273515,0.0185860529056186,0.0373646644131521
0.498306706810219,0.00269500772032408,0.00569108405112775,0.00872264397801661,0.0178742672322742,0.0363267602328773
0.498307939697926,0.0028357411508164,0.00588252982899849,0.00895191377494716,0.0181881849836489,0.0367597087239352
0.498308865887033,0.00320428089484058,0.00641903766613529,0.00961684878660108,0.0191433184554032,0.0381264808862426
0.498310266207249,0.00313393940240362,0.00631745518446155,0.00949099212739539,0.0189630636423185,0.0378701553555728
0.49831174061524,0.00298912924763334,0.00610078645412031,0.00921865491998552,0.0185650103391696,0.0372943102896474
0.498313431447297,0.0027864680183713,0.00579348413556604,0.0088301750529311,0.0179926035132395,0.0364607440574507
0.49831468082603,0.0029277775731634,0.005990662957293,0.00906943129914188,0.0183263511441038,0.0369278026659845
0.498316199050621,0.0027298558037141,0.00569206683974716,0.00869262808509741,0.017772149782047,0.0361214940364331
0.498317685067923,0.00277824253626119,0.00575235397151237,0.00876105487252805,0.0178580462872624,0.0362310843983806
0.498319168172833,0.00282876720368399,0.00581941426369121,0.008839936971002,0.0179628828392662,0.0363719225295807
0.498320717997952,0.0027381455271259,0.00567970764231771,0.00866162885943596,0.0176965222956211,0.0359798889038907
0.498322204867803,0.00277698690212079,0.00572919362131817,0.00871836618515009,0.017768733173827,0.0360730089624112
0.49832354611651,0.00294364802710225,0.00597042718126741,0.00901618554044317,0.0181938383261115,0.0366779942729898
0.498324936528427,0.0033226080584527,0.00653187869621895,0.00971768715251501,0.019212099334317,0.0381459508650047
0.498327405799386,0.00407972866150182,0.00766453640875054,0.0111398344284538,0.0212904972120181,0.0411578197471881
0.498327159805944,0.00379163417775426,0.0072684582799123,0.0106623076042513,0.0206317503419554,0.0402465989632457
0.498329088057523,0.00452190561722167,0.0083637609539051,0.0120399497496475,0.0226508714558565,0.0431799579328377
0.49832758241704,0.00408649897317599,0.00775275802056682,0.0112962892605834,0.0216114045799502,0.041727012093051
0.498329182168874,0.00413754836036981,0.00784079733479,0.0114145699243369,0.0218013192480805,0.0420230258485055
0.498330291139188,0.0054006474678882,0.00972582166600385,0.0137804400656055,0.0252591331897116,0.0470360632239382
0.498327419404193,0.00492996603183852,0.00907994580698331,0.0130038629127534,0.0241938643978566,0.0455711676019664
0.498330721715261,0.00565437183128256,0.0101777369152782,0.014392557454294,0.0262468761237421,0.0485753701643252
0.498336377885926,0.0060427730303889,0.010797949596372,0.0151959851985399,0.0274730486099114,0.0504129573610932
0.498346001468351,0.00705329684205345,0.0123435702021786,0.0171591253353545,0.0303905589167122,0.0546983540307756
0.498342262462407,0.00653201684866981,0.0116425180866457,0.0163268662497366,0.0292734333309437,0.0531937023319084
0.498346192733164,0.00685034820176299,0.0121549181213046,0.0169949393688519,0.0303044850994409,0.0547544723716044
0.498352609281975,0.00739014954419091,0.013001760159999,0.0180849913666226,0.0319566583734794,0.0572205623154092
0.498361009484083,0.00795154722106941,0.0138913006249251,0.0192349415431482,0.0337092927646196,0.0598470366735565
0.498345153075473,0.00663082469953653,0.0120002789209887,0.0169132858381795,0.0304274458095305,0.0552219610144545
0.498346262337571,0.00627517956114597,0.0114870503314299,0.0162846766750413,0.0295482880850018,0.0540011177428554
0.49834671752322,0.0056900396929524,0.0106274634038603,0.0152188820962851,0.0280252009517508,0.0518413761158168
0.498348335686285,0.00556178749209117,0.0104306101658898,0.0149731201469966,0.0276764149607477,0.0513564982728165
0.49834561612647,0.00686211252460688,0.0123532531884786,0.0173786424927126,0.0311823747168187,0.0564348444354167
0.498346021530003,0.00664622188685313,0.0120743392860621,0.0170571544702236,0.0307756706866948,0.05592290696374
0.498344576500159,0.0061004946607913,0.0112906083292622,0.0160955863355205,0.0294218986376323,0.0540267120214311
0.498346072795854,0.00622534519173148,0.0114807939961876,0.0163404342854339,0.029799161281081,0.0546039624524139
0.498346035133262,0.00579631171949452,0.0108571085096317,0.0155713111183518,0.0287097684717697,0.0530724087241738
0.498346681643194,0.00513513487322908,0.00987581311984951,0.0143470356962958,0.0269430142625064,0.0505460217419512
0.498349402488523,0.0046637738832343,0.00915857395530794,0.0134426455388455,0.0256204520326674,0.0486374509630084
0.498348599426131,0.00511452479109577,0.0098004051328474,0.0142328874989703,0.0267506850879281,0.0502562640006967
