-0.0012779827013115,-0.00193334539631957,-0.00227936730346107,-0.0038856319716534,-0.0051780607734591
-0.0011456780534123,-0.00174512261640788,-0.0020259298860002,-0.0033495733904686,-0.0044513863215393
-0.00117801801317016,-0.00170457593460464,-0.00194379111849745,-0.0031673630737777,-0.00422683895138699
-0.00076943412013518,-0.00130592319016434,-0.00149220175283319,-0.0026684166415714,-0.0036717634292498
-0.00097616656518234,-0.00169626310548263,-0.00212761255390229,-0.0038069051548204,-0.0053927659392554
-0.00066249715163639,-0.00124908824169227,-0.00157725662789156,-0.0031931964777766,-0.0050126739915405
-0.00091011612817203,-0.00154904212807027,-0.0018724211685869,-0.0034543154501001,-0.0051451591612468
-0.00075466859496891,-0.00134909532432891,-0.00176394344478297,-0.0034297070056722,-0.0054169073715016
-3.50669275704899e-05,-0.00026773733134484,-0.000413934699176961,-0.0016437291671454,-0.003249100251291
-0.00017161041762553,-0.00038195647303693,-0.00054685478476185,-0.0018688458318734,-0.0036317006821228
-0.00032107891868463,-0.00063119723569623,-0.000832063819214621,-0.0021732205028288,-0.0039174203697536
-0.00050733205046777,-0.00091913786022985,-0.00119883212574182,-0.0025177626931746,-0.0039714875700967
-2.77337470207502e-05,-0.00021475713569314,-0.000382294533585171,-0.0016316251856935,-0.0029081223858553
3.07784593450199e-05,-0.00013650219103788,-0.00028666417213378,-0.0014759597686708,-0.0029969138206614
-0.00040799916803356,-0.00084945137854518,-0.00116257973541174,-0.0026062222993285,-0.0047664142379866
-0.00052317567799035,-0.00097647672912731,-0.00130713710200404,-0.0028619342912917,-0.0052756212029563
-0.00065400676686333,-0.00119980140441834,-0.0016320858030058,-0.0032366441204303,-0.0056360127367698
-0.00062192742834753,-0.00117862488599444,-0.00162675452672785,-0.0032519318873575,-0.0056217981345395
-0.00055135272398869,-0.00108683459431249,-0.0015665254927165,-0.0033288437391001,-0.0060232002908403
-0.00048548703877656,-0.00098175305489041,-0.00143477949830569,-0.003125055819201,-0.0057384427160153
-0.00044593480199908,-0.00089315693573353,-0.0013056247655112,-0.0029866573754846,-0.00547193465099
-0.00045096565245808,-0.00083645725948934,-0.00118327501379254,-0.0026952184062137,-0.0051583030739027
-0.00031810828265374,-0.00069112293754972,-0.00101917634542298,-0.0024736346457678,-0.0048697257646928
-0.0003755086430344,-0.00074069380824938,-0.0010722584071099,-0.0025044614255541,-0.0048466459904086
-0.00032332599091254,-0.00061419621710118,-0.000879138383603159,-0.0020396500093676,-0.0037639245690186
-0.0002345937679895,-0.000476851048953579,-0.00066770609426468,-0.0016680245469111,-0.0029852497832881
-0.0003798908469593,-0.00070779506792745,-0.00090869268019603,-0.0018804226885773,-0.0031361895074058
-0.00027324702386391,-0.00055243727508864,-0.000784307199941789,-0.0017556920654222,-0.0028717634757127
-0.00042495772198922,-0.000826667887567,-0.00109414630430515,-0.0021502765605538,-0.0034074595692764
-0.00024490732660825,-0.00057801014052876,-0.00074136830621902,-0.0016794900208979,-0.0030322085528488
-0.00038467302515421,-0.00079338937607556,-0.00103973470327116,-0.0020047314602415,-0.003317413981972
-0.00021164961395526,-0.00056877391884061,-0.00080866527064358,-0.0017365146987683,-0.0030025400479783
-0.00017655556309065,-0.00046811181938046,-0.00062891300165311,-0.0014235645853597,-0.0025807571531294
-0.0001278033951445,-0.00037461577364339,-0.00052305981419318,-0.0012939249782066,-0.0024810703289978
-9.618601702566e-05,-0.00030696951441056,-0.000408306612025101,-0.0010546238912245,-0.0022475413573634
-0.00033542336758687,-0.00068616118646113,-0.00087590105875828,-0.0016621664742114,-0.0029604217853741
-0.00030098613363595,-0.00062338200962,-0.00080791879967573,-0.0015548185502589,-0.0032508626458281
-0.00022099801196056,-0.0004780184844832,-0.00059826285154693,-0.0012658313568532,-0.0028035113815523
6.3270594616101e-06,-0.00011283056802938,-0.00011331423523437,-0.0005074347842326,-0.0013679521609822
0.00016796248132798,0.00015676044448916,0.00021988016032937,1.16709954701994e-05,-0.0004939157774131
0.00012846634155495,0.00022322839332766,0.00037819864649912,0.0003080807242654,-3.95458649719849e-06
-0.0001971396486068,-0.00033198284679239,-0.00032983883376939,-0.0006477494341701,-0.0010056175362563
-0.00027549876052878,-0.00050743902061298,-0.00054158507697002,-0.0009695811624988,-0.0015062332369351
-0.00026814482497405,-0.0005404337391626,-0.0006438063319075,-0.0011540271637776,-0.0018897941426146
-0.0002597382646954,-0.00050882859408802,-0.00058975739019904,-0.0010664744761958,-0.0018043429635584
-0.00035628204939275,-0.00055825636918174,-0.00063230481820906,-0.0011030946233547,-0.0018088331121073
-0.00023024534289573,-0.00039347092650004,-0.00041808769211131,-0.000899787573746301,-0.0014539552101026
-0.00016398449899583,-0.00028543501757235,-0.00022412000947615,-0.000570085626469499,-0.0012018766181448
-0.00036627140701921,-0.00057476640942958,-0.00061221118178325,-0.0011319431035369,-0.0018216633782015
-0.00028095265665884,-0.00052066591821936,-0.00058508961837839,-0.0011882251726784,-0.0020183861951061
0.00015501471025824,0.00019406309818362,0.00031217802029935,-3.42946960465006e-05,-0.0007997016782741
-2.17951597890099e-05,1.90944665187697e-05,0.00010961946299239,-0.000333712354013299,-0.0012407242892099
-0.00013844772717125,-0.00015364577255956,-8.77232232249295e-05,-0.000407408252367901,-0.0013174568873716
-0.00024700744654632,-0.00028280114794587,-0.00023157112120575,-0.0005448592529046,-0.0014023183763099
-0.00019508892340132,-0.00024118005395989,-0.00018864411070506,-0.000403206489841801,-0.000987852425118698
-0.0002805934446102,-0.00036929450849437,-0.00034392664004514,-0.0006175206040428,-0.001369255591264
-0.00022886732808384,-0.00033434979254841,-0.00036093236177521,-0.000752128136857801,-0.0017141546649152
-0.00023583134159446,-0.00030515081578474,-0.00028664146996157,-0.000577883347483901,-0.000307263565583298
-0.00012586005401235,-0.00014457374187689,-0.00011672410631244,-0.000381537434257499,-5.85663221513988e-05
-0.00016620947437981,-0.00019195998810902,-0.0001496487315388,-0.000297693946672799,0.0002275512588314
-0.00020781465976962,-0.00027328909519104,-0.00025457087223797,-0.000413505327545799,8.30285592200997e-05
-8.505756470875e-05,-7.69007211373e-05,-5.22992730412047e-06,-3.7256172709001e-05,0.000472796992095098
9.64647909448601e-05,0.00026402466684933,0.00046824392062924,0.0006401517102593,0.0014594485914303
9.84617117189002e-06,0.00011270924577012,0.00027059135222268,0.0004378329674753,0.0012881295558721
-2.21898096458501e-05,7.44063948448898e-05,0.00025072381325084,0.0004861265577392,0.0014797467382479
-0.00016478835162652,-0.00017271847521896,-8.50448794086798e-05,0.00010668011565111,0.0011518867140879
-7.99329096664199e-05,-9.794425848172e-05,1.85042211790299e-05,0.00035803229103379,0.0018301808888218
-7.041376536055e-05,-5.12795791160602e-05,8.04767227136401e-05,0.00043898198862361,0.0019500031603645
-9.34786946731401e-05,-4.62648006847302e-05,9.44743668262306e-05,0.00047232319316938,0.0020324292734147
-9.735737493386e-05,-4.111593355918e-05,0.00014366916296288,0.00056135482522021,0.0021691116453572
2.221347298012e-05,5.637757207363e-05,0.00030702543883844,0.000828527927210969,0.0026402573563628
-8.38032419923007e-06,-2.43301215056102e-05,0.00016932626041748,0.000571242121119069,0.0021589546549622
9.599679700297e-05,0.00013078677192013,0.00033407987131393,0.00075995261942872,0.002536443276968
5.01152190601e-05,0.00012219036534483,0.00035874946417724,0.00075341346898008,0.0026079671199959
5.38165163851e-05,0.00012307221606169,0.00035484621506149,0.000833727891014021,0.002521778173929
0.00020918316466696,0.00035597502862861,0.00064248020670144,0.00125202074942951,0.0032624562407503
0.00021042135396052,0.00037383269489728,0.00067969755834041,0.00133817312856692,0.0034766252691726
0.00020806566467388,0.00037962143588565,0.00068813939450861,0.00131786200614923,0.003526032455517
0.00027354167779763,0.00054006941587274,0.0009104775225222,0.00162883833870874,0.0037296002944168
0.00010932605501733,0.0002623782858625,0.00056452081526624,0.00127154982438132,0.0034015999692156
0.00043082959382572,0.00072193239997193,0.00109092354358032,0.00179662359335564,0.0040786315919287
0.0013790250187881,0.0021400261862743,0.00278911150225492,0.0037200992474121,0.0059939519751815
0.00095746644597159,0.00153787548259553,0.00200216143036957,0.0025660148523353,0.0043281095033138
0.00082645135161005,0.00128244473376596,0.00166141093562388,0.0020927071030826,0.0037254379050454
-9.64160285371399e-05,3.53866868299003e-06,0.00019946312866361,0.000296140564577,0.0013725429643446
0.00082836147743273,0.00143904332537742,0.00194549640874736,0.002408424540775,0.0038789275195843
0.00047185584924754,0.00092775291509203,0.00132692539937742,0.0017104575353543,0.0032213645308267
0.00019748372201753,0.00053185795777958,0.00087301681773533,0.0011506816875093,0.0025222367524947
0.0001328328711459,0.00041443380801945,0.0007385724926352,0.0010448880506229,0.0023875249111066
1.62318254087301e-05,0.00031000315430112,0.00060258507594476,0.000833647226601401,0.0022306060696613
0.00017238587709757,0.00056671954479203,0.00089626086799264,0.0012116651582559,0.0026903711596562
8.21522944144399e-05,0.00037449505162702,0.000657079499859909,0.0010056103433502,0.0025314348545061
5.302899251518e-05,0.0003393903889406,0.00066586079327434,0.001016745387297,0.0026003011045637
0.00051574530433073,0.00102667738950354,0.00151179788498346,0.0022232723162673,0.0041891881105345
0.00036359905094349,0.00087009722055514,0.00138556805563409,0.0021837332999382,0.004169486361363
0.00074612402999948,0.00137436684205834,0.00197398117290648,0.0029733566949899,0.0053989350551801
0.00052969161910015,0.00110951728527189,0.00170478225271481,0.0027411363537944,0.0051924741963063
0.00059783310775603,0.00126581554797333,0.00192426401095454,0.0031859727244197,0.0058042647429249
0.00093922151557714,0.00177335570344436,0.00259850889621083,0.0041463684593133,0.007071090999599
0.00064120770729088,0.00131674153549131,0.00200303409469673,0.0032331548506016,0.0058075242330713
0.0003740718939125,0.00085417278986278,0.0013573335132983,0.0022599281436217,0.0042643896618294
0.0002333497703732,0.00063496777723245,0.00109972467516908,0.0018753690452532,0.0036941352790295
0.00021885626910022,0.00058273912032731,0.00099558282786627,0.0017099557334584,0.0033663597648488
0.00030824477496134,0.00069159470757753,0.00109235458050239,0.0018043064916382,0.003370271908865
0.00039989726171395,0.0007713079500731,0.00116514259736223,0.0019310291059284,0.0036792970514719
0.00040942132670333,0.000841061013839019,0.00130107663755091,0.0021702456126338,0.0041657962107238
0.00045467999022527,0.0009546331381233,0.00146337195814921,0.0024445834421225,0.0044982420557582
0.00046466446248091,0.00095556310900714,0.00144429386236964,0.0023493803240765,0.0042555403648506
0.000386080888349,0.00084332760853249,0.00132180479246252,0.00217676904321263,0.0041945028985307
0.00049377683218303,0.00097649455290219,0.00151088639898416,0.00246771020771728,0.0046842937601782
0.000329420792621,0.00076077059518223,0.00119778799498812,0.00199700607133502,0.0038952242473076
0.00011727498036291,0.00049110853360946,0.000885953627940641,0.00160432419396693,0.0033418785336713
0.0001808195119061,0.00049020767592568,0.0008379677107895,0.00135578248863212,0.0027670479028695
0.0003526246623794,0.0007924129685949,0.00126963603350838,0.00194151872443127,0.0036345512474157
0.00052071832996962,0.00098733532634906,0.00147330379776553,0.00226297467114877,0.0040843839366715
0.00066396623627661,0.0012386904275296,0.00182544299723735,0.00280320956108174,0.0028236409453334
0.00066500171894103,0.00120446779010289,0.00179379119756628,0.00289236244949466,0.0050609001457758
0.00062581132880978,0.00112685227763721,0.00173652401847764,0.00273357605392966,0.0048310978511592
0.00065279338247211,0.00112368676109951,0.00161305646505327,0.00252518365954557,0.0045800088822591
0.00019083166559029,0.00048992845372196,0.00080471788791485,0.00124051882026068,0.0027140001220421
1.28165508966899e-05,0.00021577365775836,0.00046513539645593,0.000782664799465779,0.0025136126835315
6.46092916187799e-05,0.00027995421478192,0.00054579622151854,0.0007877707559417,0.0021750371198756
0.00022914734591292,0.00056168811891254,0.00094161731491811,0.00140752072761132,0.0030812490861267
0.00030810899865171,0.00071159487622881,0.00115364443112468,0.00179087095781574,0.0037095485392768
0.00014648978104998,0.00047236243048954,0.00087363348114418,0.00148205300962071,0.0031689260083331
0.00016693431572587,0.000480050180086,0.000887321802686,0.0015987594259817,0.0034742582032851
0.00010079029969353,0.0003770568900546,0.00079308221163209,0.00155408855319829,0.0036291819514689
0.000187229942280824,0.0005292625163181,0.00100508835678446,0.00187810635757309,0.0041648334409338
0.00018040008151301,0.0005587793603064,0.00105532318566863,0.00197108542495788,0.0043778571958414
0.00031794562775168,0.00075766214298352,0.00133795907844865,0.00243492031127162,0.0051235527384423
0.00028299749364705,0.00067133198208146,0.00123336776303485,0.00224967490076332,0.0048373840369103
0.00031307409289477,0.00069136839690191,0.00123269089888137,0.00224827946679858,0.0050322783261665
0.00033164931879796,0.00069602200447739,0.00127886171109141,0.00231404653526038,0.0051120589657265
0.0001556608520538,0.00045353619961645,0.00095490232632224,0.00182454997866985,0.0043421015043965
0.000119046712758429,0.00030847957955643,0.00075014957711594,0.00160430689094666,0.0040051158088827
0.00018379297003026,0.00047466171368619,0.000994995039841599,0.0018629821265318,0.0043658408960031
0.000148860197167109,0.00037428885033818,0.00084470551525611,0.00156955397260621,0.0037660407818351
0.000269810212943378,0.00055494218569668,0.00105017780808548,0.00189919005064067,0.0042987566159079
0.000510000658853295,0.00092535562202501,0.00151162702876201,0.00249072486648237,0.0051097141695898
-1.823691025659e-05,0.00021006195957188,0.000680896199697759,0.00133435369737592,0.0033103587294969
0.00021508642243515,0.00054204530510826,0.00092190019979942,0.0013343738814886,0.0030339420866916
0.00046987993435563,0.00101065910981244,0.00156276449563566,0.0022283346182968,0.0038668123464269
0.00170039309636882,0.00269364497538268,0.00342253978059356,0.0043308538404845,0.0065179265280418
0.00082251999293878,0.00159924564889223,0.00223450686446619,0.0029436965280506,0.0045372888241157
0.00012672948291417,0.00056875571599317,0.00100337350211548,0.0012694788546805,0.0021268124232209
0.0001528693752018,0.00051340470550529,0.000894978030547611,0.001151271241377,0.002088783071145
0.00013707740676415,0.00053216241703472,0.00097187882832718,0.001215093545831,0.0021551994659282
0.00115728743458639,0.00209328975092368,0.00288450633191497,0.0037516688745543,0.00533638130338
-0.00030115981287896,-7.276112410377e-05,0.00025802566174539,0.0002411313509816,0.000472649404756401
0.00106456909341118,0.00201972217321075,0.00283724560083179,0.0035433918549053,0.0046355141889533
0.00077489217614717,0.0016883616663525,0.00247147138291368,0.0033187210308044,0.0046024252541805
0.0004081965535376,0.00119625991114257,0.00195419768484428,0.0028043755937703,0.0043740702691404
0.00013825829584169,0.00068960792540693,0.00128446320843311,0.0020823258979668,0.0035655456694582
0.00033378317719445,0.00102487388488245,0.00175221667298232,0.0027275663026105,0.0046930785903059
0.00019388083568735,0.00077626073878605,0.00144136396597296,0.002422855679819,0.0043857607592088
0.00024910733079851,0.00087376430664825,0.00154129185272883,0.0025457757705574,0.0046595038674836
0.00029748844825434,0.00107815675689682,0.00176189542609906,0.0027114050394482,0.0048376252505326
0.00071410446828791,0.00159417961206519,0.00237750986021824,0.0036266069949727,0.0062585610949734
0.00083080879243959,0.00182793300139486,0.00272976376762291,0.0041596277897244,0.0070883857308517
0.00086442233343137,0.00188549684730948,0.00283004612352096,0.0043380002724912,0.007411913493308
0.00057662921804176,0.00130325161477034,0.00208837496275277,0.0034034162270991,0.0060386565935693
0.0007836694074069,0.00162878820982362,0.00249102876263083,0.0040045615231024,0.0070095988079051
0.00095203047227589,0.00191944800955252,0.00287411786997434,0.0046570660224288,0.0081036057367954
0.00058461034613158,0.00135304848968474,0.00220973906498139,0.0038035574926369,0.0070096490958254
0.0003191215623062,0.00086811489352806,0.00153909177753077,0.0028251171001546,0.0055006641389466
0.00019902789714611,0.0007180910330355,0.0014021557417657,0.0027408398254877,0.0053943285295656
0.00033631923900063,0.00092285097559341,0.00162822845038259,0.0031019589402218,0.0060194058386746
0.00026688917869873,0.0008080073261931,0.00148781900495724,0.0029253060595454,0.0056975104742812
0.00022590912961066,0.0007244997883734,0.00140217772900504,0.002801404286895,0.0055286697290484
2.06860545573901e-05,0.00035278481479798,0.00092820172027809,0.00213539239437,0.0045948928672308
7.462577706273e-05,0.00049130327439272,0.00113509744668459,0.0025010033603628,0.0051885978931143
0.00028297995477183,0.00084325853907964,0.00159589115848015,0.0032888718893634,0.006382490313166
0.00026615681818805,0.00096621919187891,0.00179352755358231,0.00360717379049636,0.0070427727491838
5.37871126315001e-05,0.00059042170403401,0.00130093080768984,0.0029643519666092,0.0062574387840815
8.56137670341101e-05,0.00060013327354886,0.00132244487945291,0.0029821638695642,0.0061987207449344
0.00014017934221959,0.0007634279462688,0.00154576581429153,0.0033512975950366,0.006847393979872
0.00029286025287815,0.00094268559549076,0.00175689703182971,0.0036158520099186,0.0072682515488302
0.00048510789898629,0.0012259621601758,0.00206296573497043,0.0039239346254247,0.007519674567633
0.00028868748038668,0.00093951708717809,0.00170429577805275,0.0033854647867306,0.0068894224196289
0.00034219651432907,0.00104066982017693,0.00183975212257482,0.0036004439284317,0.0070457423702906
0.00057762830852175,0.0013925525686452,0.0022954800259101,0.0042153890620011,0.0079075788876309
0.00053494589405264,0.0012747084992454,0.0021045876239818,0.0039354604062218,0.007261117218039
0.00075324281932032,0.00159046176728452,0.00247981685858333,0.004440430012684,0.0079082105638346
0.00122965221803907,0.00236335257903949,0.00344643325788369,0.0056989490795943,0.0094433325625129
0.00041106312926098,0.00117753581480548,0.00197319061966106,0.0037025740431631,0.0067768447964554
0.00029890380083392,0.00092462488132975,0.00162758917877467,0.0032369674329595,0.0063155278715783
0.00051717596823715,0.00116961547722354,0.00186406400529999,0.0035284816636178,0.0065676180106335
0.0009096277914761,0.00180526027625905,0.00264183102787068,0.004575577747322,0.0080537773518775
0.00078066870456389,0.00163725553357509,0.00250859260341743,0.0045433612827405,0.0078564205455673
0.00055739847060274,0.00127004962989391,0.00204538034288782,0.0038481634420353,0.0070315886789124
6.10953294147899e-05,0.00048950374038772,0.00095465368506337,0.0024502826965385,0.0047100357133359
7.02281087483301e-05,0.00055175305885001,0.00115966412885174,0.0026661692149618,0.0052515464973746
-0.00015025469714582,0.00018892588225581,0.0006909289908043,0.0020555365976606,0.004345298180245
-1.17823107964299e-05,0.0004050732469832,0.00095565507673002,0.0024429448562068,0.0051054172354485
-1.84198227306e-05,0.0003651161061888,0.00088736564413666,0.0020855859222104,0.0052781396568655
0.00010166519622189,0.00054980303464901,0.00116058250207411,0.0028059161135756,0.0062580277833092
0.00016555394993345,0.000540604736553,0.00109856761549061,0.00327174052643002,0.006342517811813
0.00020241965892491,0.00062750066971131,0.00125629169392187,0.00341289144406584,0.0066187111208173
0.00021839990249506,0.0006329440883651,0.00135700183557967,0.00361658554253987,0.0070453412903327
0.00010615844480637,0.00051128264264904,0.00112326857427782,0.00331086486434179,0.0067908064250196
2.48292020570099e-05,0.00035358495694653,0.00091774482809806,0.00302163778487595,0.006327447423322
0.00020377015022557,0.00060505406521007,0.00121714486409922,0.0033870613233497,0.0068002061376624
0.00026188283281708,0.0007068102483288,0.00135975823920918,0.00374654374447674,0.0074512929598564
0.00016082123765032,0.00052308915968705,0.00112807892052355,0.00338933523239362,0.0069601623732155
0.00027229910275096,0.00070998086813091,0.00134625316459426,0.00379058418347086,0.0076092345596142
0.00012084176100574,0.00042395267798446,0.00097312671502664,0.00331671329551806,0.0070788765164556
0.00024410084375979,0.00062485703784158,0.00123412612071136,0.0036340573432425,0.0076606366103751
0.00028886034473529,0.00074006031424075,0.00139336262225734,0.00391167598138585,0.0081901299667944
0.0003018733695125,0.00080333767528309,0.00153284517674803,0.0042672011747141,0.0088751547156932
0.00031354535184032,0.00082857726993942,0.00159483110473649,0.00438186859668111,0.0092290360597146
0.00022424558160228,0.00067183088739697,0.00140676954196876,0.00413515486207406,0.0089642610487757
0.000373033213677252,0.00087795140612677,0.00164400835106174,0.00447633668742618,0.0094945510284918
0.000334342534996302,0.00082915125066788,0.00157568964005806,0.00434858205404999,0.0092361235271529
0.00030664072715436,0.00077955434506078,0.00151592537927995,0.00419330789282199,0.0089468639242967
0.000340899034122323,0.00084412174721584,0.00160884472824161,0.00434693269011433,0.0091546405915965
0.000100396773179862,0.00060682339460018,0.00130385535303021,0.00393580559280522,0.0086503172778477
0.000236601428938452,0.00072922904575471,0.00145698507807046,0.00432439675717503,0.0088582511878849
0.000258005085081392,0.00080141223365796,0.00156695408253803,0.00448706221832687,0.0089523323762767
0.00020805522781258,0.00077002624837641,0.00157297156427863,0.00464075967523389,0.0093648439128428
0.00030776754935644,0.00092492053602345,0.00175462143456495,0.00510347745340613,0.0102743590658073
0.000246467272956474,0.0008422557988309,0.00165673889050672,0.00498313613330137,0.0102110824434425
0.000226590394147684,0.00073072966561619,0.0014862673050525,0.00457295795878491,0.0095927126400763
0.000240098125767699,0.00072501183103183,0.00144986877690784,0.00441165787392404,0.0093383654438257
0.000275923645939616,0.00080111745586307,0.00157450801587769,0.0046103996979637,0.0096020629879542
0.00062068481683682,0.00133933502671139,0.00226265557586011,0.00540256506904734,0.0107204683958041
0.00097385376557761,0.0018976139638967,0.00297687997462128,0.00633589633656332,0.0129781289968794
0.000751550708262322,0.00155798795880803,0.00255398684256377,0.00565697591066054,0.0120806379652496
0.000709113588272525,0.00150913540228053,0.00251264659036878,0.00558675343051958,0.0121433915794966
0.000577346639641214,0.00127558369714912,0.00220535867046164,0.00515570415468371,0.0117401069366248
0.000979351735222243,0.00185729965985142,0.00292769692858767,0.00605332608768483,0.0128960743111197
0.000999097607542934,0.00191296563410992,0.00301342228018828,0.00624093308393067,0.0132512297053386
0.000891092215479729,0.00181057122092597,0.00293556529062413,0.00613560427929706,0.0131607913071411
0.00022846166192443,0.00078779395945495,0.00165282118495053,0.00428465941360235,0.0106544728317381
5.55664501186699e-05,0.00051510471224717,0.00136677728350064,0.00390294391949092,0.0103659378815697
0.000157600422489733,0.00066557784593421,0.0015380216728296,0.00395646207659366,0.0105726200846061
0.000205210301022423,0.0007640670127305,0.00167443609410685,0.00429433180654997,0.0110163767099883
0.000291809369265653,0.0008931868205914,0.0018132307567062,0.0039568141959105,0.0112153129366392
0.000357135925941772,0.00097186759239809,0.00195089699933793,0.0046038672628747,0.0114553391288015
0.000375836362356697,0.00099591188450441,0.00201330725946095,0.00465034420448784,0.0115987332196568
0.000485535387470623,0.00114859218444747,0.00229461679036197,0.00504439554091027,0.0123432950067841
0.000495354933241227,0.00118197660992899,0.00230226668957374,0.00496412424109633,0.0123385807525284
0.000658449517911609,0.00146654392487442,0.00270529371436038,0.0055596876980822,0.0132595029369115
0.000854294110997355,0.00182543438435697,0.00309456782889877,0.00609246412488435,0.0142216941414032
0.000713232924602153,0.00157984697133196,0.00277211600308087,0.00569763485834143,0.0129055452172518
0.000461602079216194,0.00122423694441295,0.00228814156161457,0.00500071715432478,0.0119868687700713
0.00061873660620334,0.00148252774376901,0.00258821219234479,0.00543348694037058,0.0126965293272501
0.000641724094620473,0.00154684608298758,0.00263974076429171,0.0054688332665895,0.0126479265581492
0.000585386886201398,0.00147194549526882,0.00253926745833414,0.00537954578699975,0.0123876552925171
0.000433831129600475,0.00119787306395034,0.00215325624372235,0.00480198328983212,0.011537399378862
0.000394645053405497,0.00111153105760626,0.00202799898318426,0.00465627512320049,0.0112060660446774
0.00041236820216688,0.00115977281888318,0.00205665047474496,0.00468272464051705,0.0114889878801294
0.000376188480461038,0.00109352060798054,0.00191937186393657,0.00438922492668975,0.0110245376164516
0.000339026476749937,0.00105176539868366,0.00187054409894784,0.00433791924194598,0.0108999377880581
0.000356936768907163,0.00108738437868037,0.00189817617880883,0.00434043559238519,0.0110029114052358
0.000289623639644131,0.00097885486416906,0.00172587448445183,0.00406846543939996,0.0105206468085822
0.000164443959986323,0.00101019354834412,0.00177141345371045,0.00415320803523719,0.0103498090462399
0.000422476799362826,0.00123360830138346,0.00201092787144524,0.00440114446131343,0.0107016088438004
0.000453915821340652,0.00128580748425158,0.00209865562403132,0.00459706889465542,0.0110350567540116
0.000484987368084217,0.00131473063927691,0.00210220512948589,0.0047248789108068,0.0110322661062229
0.000874838440746216,0.00192991875211154,0.00289416588778184,0.00558017507328515,0.0123538455792696
0.00137837508916795,0.00270240223952178,0.00379668279982299,0.00668910660041783,0.0135986985010287
0.00106302533120261,0.00223194030070496,0.0032582824594904,0.00600732723015841,0.0126699753553586
0.0010241295779375,0.00214445909442257,0.00316963259327098,0.00591318770092984,0.0122633206200064
0.000923232505101727,0.00201948975486847,0.00304665349083762,0.0056769555167841,0.0118576392131616
0.00157008431742614,0.00302182983198296,0.0042390092985925,0.00704469706211978,0.0133919160760202
0.00118839969969222,0.00242814015711937,0.00353410178820636,0.00633347350490859,0.0126576076175241
0.00082867513216864,0.00181524226937003,0.00276118816149304,0.00523311330774745,0.0112354608699549
0.000624557075527591,0.00151660658215515,0.0024024186401971,0.00474328173585536,0.0106142336910795
0.000584138663075893,0.00141604156280229,0.00229632446944456,0.00465812075928073,0.0105224507005876
0.000732585709811606,0.00165931991798364,0.00262850652576462,0.00523335086721925,0.0113348075728142
0.000749580862848786,0.00164360014849469,0.00259827059408131,0.00508798436324436,0.0110007548111786
0.000703839617578564,0.00156054354929007,0.00250433922683062,0.00503157815021849,0.0110037868765695
0.000497840835989712,0.00123690780218226,0.00214282600185891,0.00463236333438005,0.0104800103820531
0.000612984617944964,0.00144137331305733,0.0024066320826448,0.00497525859594245,0.0109021299700041
0.000553884428123484,0.00135916753539415,0.00233695672682974,0.004908350781935,0.0108702029843119
0.000714300455881125,0.00158442320366133,0.00256283079057576,0.0052482247982501,0.0111836211822622
0.000709587051357291,0.00152796253994107,0.00247692164265301,0.00526042501809349,0.0112435444663958
0.00065923817272119,0.00150495327751785,0.00246207806355965,0.00517500193356078,0.0110756096483948
0.00122609730028895,0.00238239504789863,0.00350532556914527,0.0065352485240061,0.0127209381952388
0.00291969266526387,0.00452872281455481,0.00593641942870768,0.00914830448944878,0.0154043056978419
0.00341147034140059,0.00521343727361072,0.00661852665541072,0.00966895360074166,0.0156116549379037
0.00193378579981103,0.00305508219135691,0.00409400138126398,0.0062431552932585,0.0108295211920722
0.00296136840580077,0.00380104340826627,0.0043526621121402,0.0050258138626336,0.0074649683394633
0.00573473580184621,0.0054574592921533,0.0044122830288521,0.0010308140332187,-0.0022144017520915
-0.000803290614382959,-0.001388365402955,-0.0021571943953585,-0.0052968539777426,-0.0089119138210339
-0.00536041591234302,-0.0084903031546814,-0.0113044235353265,-0.0195375995794412,-0.0313079551014692
-0.00205804782060478,-0.0027313005805037,-0.0034284952981124,-0.0063848996141155,-0.0107430054834742
0.00366110084014352,0.0050322092212661,0.0056130749545018,0.0049221121760128,0.0021123209024519
0.00439521284066486,0.0069702062354159,0.0083587778385045,0.0089132270535966,0.0078714592739964
0.0068949082961678,0.0105303784432019,0.012269576633853,0.0115553819385553,0.0052785657191802
0.0017569171334436,0.0034592556408758,0.0035971865409975,-0.000923517373774996,-0.0110388567431212
0.0070411642054654,0.0110359829969589,0.0128967170493947,0.0116784208563557,0.00332519097242541
0.0060078215133237,0.0073850110406056,0.0056771993799203,-0.00646512837991789,-0.03255711457754
-0.0055485200316463,-0.0081311342294494,-0.0121408689608567,-0.0283521445346707,-0.0598698289396055
0.0018393598264109,0.0056906349808991,0.0025922294290542,-0.021832266915931,-0.077948215016435
-0.000915767893602898,0.000853140900224404,-0.00351395082107259,-0.0254686761805977,-0.073673537410877
0.0054094905427598,0.0165096763271186,0.0194453582828113,0.00264411761911301,-0.050287156328769
-0.0040740601889225,-0.0062063423162855,-0.011403669694119,-0.0343432683635263,-0.0830407222299
-0.0058232666567847,-0.0063333067453673,-0.0107458768742648,-0.0332876060248143,-0.084729638507822
-0.0107094058090544,-0.0181628874220724,-0.0274980937125148,-0.0575951026016071,-0.118512150981587
-0.006203014492982,-0.0150444030876066,-0.0252726571713164,-0.0558062635570623,-0.105091743377683
-0.0076858718993435,-0.0167394292758046,-0.0272560632848118,-0.0589215799723164,-0.1134079306983
-0.0056738958011212,-0.0149790142752709,-0.0257870967399029,-0.0560332975976585,-0.107648865179027
-0.0008133005013304,-0.0070247273758636,-0.0160377949875423,-0.0431514828731555,-0.08978366938259
-0.0025564028464699,-0.0074172633469662,-0.01423968758565,-0.0374271860012474,-0.0808899903622482
-0.0034745299006926,-0.008810716442739,-0.014874762016598,-0.0344813222550233,-0.071321942670737
0.0025817194043805,0.0011426848488448,-0.0021363602749707,-0.0166891494217418,-0.0489837229276548
-0.003544356608986,-0.0075566636673688,-0.0123011678001011,-0.0290866484840718,-0.0636771629912889
-0.0032561429261383,-0.0067872693810615,-0.0106743171663264,-0.0255971875955492,-0.0575836167553677
-0.004529238330173,-0.0093654356229105,-0.013870231154477,-0.0292926978948646,-0.0622207702768349
-0.0047970837052005,-0.0099931387574351,-0.014718267402627,-0.031619477130419,-0.0657062855190013
-0.0039461947878301,-0.0082129520771909,-0.0120939739000667,-0.0269897693908679,-0.0602051054265246
-0.0043273099804374,-0.0088151876651367,-0.0130139457197587,-0.0281550690482926,-0.0612255445714986
-0.003017074481661,-0.0070076465294819,-0.0107352232364429,-0.0246450585474238,-0.0557630150620661
-0.0037471604985556,-0.0084065468741926,-0.0125086584198641,-0.0261975486139351,-0.055787004350758
-0.0017585911405409,-0.0049755806420158,-0.0077547882250966,-0.0195850228567284,-0.0472211936114743
-0.0016114087858681,-0.0042877186984645,-0.0069219885003203,-0.0176949183840957,-0.0443918639261672
-0.00226182554148216,-0.0052242816666038,-0.008054722423548,-0.0188841405558533,-0.0445602272067918
0.0006469756819736,-0.000605591379356701,-0.0027575895010737,-0.0121513099132655,-0.0371176555854088
0.0015153106109315,0.0016075533046101,0.000622360248572901,-0.0064125783407378,-0.0288406665609371
0.000696854789089601,0.000214824453563401,-0.000921068043230902,-0.0076898578475724,-0.0288982137879277
-0.0004515338407093,-0.0011077200355649,-0.0022187724437349,-0.0087473237991972,-0.0298046467555977
-0.00155687538527287,-0.0026481121814831,-0.0038147821799217,-0.0103018531897932,-0.0307977938151172
-0.00199251475356761,-0.0041880627472118,-0.0058195768113229,-0.0133986219260766,-0.0343347645584315
-0.00194146548889461,-0.004200530053047,-0.0063120139504119,-0.01425431867644,-0.0360700391502862
-0.00225041726480433,-0.0049799638354399,-0.007600257525794,-0.0163035218442082,-0.0383683798611785
-0.00105992731889507,-0.0028897529891117,-0.0048833617436512,-0.0123648357645738,-0.0332463307540253
0.000565908714409249,-6.25375000420994e-05,-0.0012082333501463,-0.0065566730040012,-0.0254354161693479
0.000244222685103809,-0.000575454399126901,-0.0015720549734247,-0.0067388597316836,-0.0251220354400049
-0.00042394492106042,-0.0016700191429409,-0.0030006551344088,-0.0080160255874157,-0.0259822687819147
-0.00035847828196137,-0.0014952333020727,-0.0027445509907171,-0.0074419606621015,-0.0235207641947409
-0.00045363738303494,-0.0015709668987733,-0.0027275180522303,-0.0072985670883307,-0.0243572921638809
-0.00152529833805858,-0.0033678811377983,-0.0049953145908544,-0.0104116077391695,-0.0277687261595137
-0.00182016215165309,-0.0040891396441409,-0.0060698563082908,-0.0120252400847502,-0.0298251904940132
-0.0005165837044332,-0.0019004714448202,-0.0033649601905883,-0.0083869603572425,-0.0254853155373225
0.000488266083271091,0.000187445226009601,-0.000582171248572301,-0.0039043925727685,-0.0204720840752222
-0.00083137844698484,-0.0018535922724552,-0.0028233804544287,-0.0068829225592142,-0.0244816108302661
-0.00108596500024808,-0.0023259386577311,-0.003550332523856,-0.0074773570008963,-0.0240001224509849
-0.00160453620549116,-0.0034043410666571,-0.0053888779343839,-0.0108579315426575,-0.029413058391462
-0.00108164844941585,-0.0025957160503224,-0.0043865152760258,-0.0098514458067448,-0.0274402382397865
-0.00136881161692412,-0.003082894194943,-0.0049480281798894,-0.010236326759262,-0.0281812046874815
-0.00102674100074144,-0.0023487897884013,-0.0038898066033209,-0.0081902507716257,-0.0253262616080994
-0.00077301475744289,-0.0017567453185785,-0.0030088634138669,-0.0067460175715811,-0.0232165870567681
-0.000729081794379751,-0.0020996178948422,-0.0035778326225768,-0.0080537278178279,-0.0259054617206783
-0.00132231915984466,-0.0030470884961651,-0.004870837868142,-0.0102590861767352,-0.0286890598314343
-0.00069175609164318,-0.002025487364493,-0.0034746688697876,-0.0086660828684423,-0.0273937100837389
-0.00174765069977843,-0.0034228212226633,-0.005043572490798,-0.0108180094057751,-0.0298468565111029
-0.0007020586362062,-0.0020609237347375,-0.0035376641605729,-0.0086292633372997,-0.0270144669229101
-0.00091963544884562,-0.0023480480745741,-0.003835504139825,-0.0088213838403965,-0.0269542617123869
-0.00118700258442772,-0.0027611538658054,-0.0043351306879465,-0.0095069157658434,-0.0275638481408316
-0.00097066502503695,-0.0023717258516864,-0.0038671508960496,-0.0086218610739651,-0.0261576005486378
-0.00146017549532911,-0.00352315857311045,-0.0055744564932222,-0.0118059833918689,-0.0307678992855289
-0.00062109598425529,-0.00229957118192454,-0.0041939667951877,-0.0099525275355148,-0.0291577599054881
-0.000122444167633799,-0.0012498645154658,-0.0027033453530358,-0.0078098333856154,-0.0256752575880149
-0.000977938495846871,-0.0025127362285698,-0.0042242314891109,-0.0097049172810302,-0.0281793805900102
0.00401236078577732,0.0057914176931669,0.0065526222284036,0.0042645499323554,-0.0130622016685435
0.00101562136712126,0.001822932497703,0.002022894226187,-0.0012972694550787,-0.0165929747833114
0.00070076249028434,0.0010567467481556,0.000878307754699301,-0.0027306238663883,-0.0190620203796092
1.4314386948093e-06,-0.0001009801238427,-0.000651722730538401,-0.004519749802945,-0.021435348943336
0.00089742312993694,0.0013001121426871,0.00124153240647,-0.001171385005075,-0.0165076003021323
0.000852657796782451,0.0013163019223556,0.0014345154521777,-0.000315347937719,-0.0142527099081912
0.00044995967130301,0.000939499961139401,0.000943342070775701,-0.000732738981982804,-0.0141024061008901
0.00085317862517036,0.0012541226552621,0.0010091922387399,-0.000812453350145896,-0.0140891915849828
0.000626824602904401,0.0006987226270701,0.000272644852369597,-0.0022323255659898,-0.0157338556364183
0.00100617411713573,0.0016105526732943,0.001514556222565,-0.000414463836851502,-0.0129920984145788
0.00063976946817258,0.000985927096441401,0.0007005948168331,-0.0016755359661693,-0.0144831319444748
0.00149473332664591,0.0023078128152122,0.0024635013258403,0.000957103633964701,-0.0117538108458732
0.00116108150215956,0.0015927960577895,0.0015666996184721,-0.000538088265759296,-0.0122938404800479
0.00028651947073315,-0.000112829301674399,-0.0006905472293267,-0.0037266603593813,-0.0214782912593869
-0.000102481426604,-0.000575407656442302,-0.0012702016418667,-0.0044423066926155,-0.0224077946311832
-0.000265963806137711,-0.0006979927061798,-0.0012399189627038,-0.0045804478950517,-0.0233601945755247
0.00027050337773426,-6.97362442888989e-05,-0.000662907371844098,-0.00401063745188,-0.0221530190048775
0.00075774770573496,0.000749942517875701,0.000407571017628301,-0.0024359833576249,-0.0202792725215136
0.00035759493497477,0.0002485528355981,-9.81379858146988e-05,-0.0027998417120604,-0.0203789595222834
0.00027980638516488,0.000244694288652,-4.57321290748998e-05,-0.0028009282846819,-0.0208400708372898
-4.40448958678504e-05,-0.000233267677286301,-0.000565151711702398,-0.00316939298739149,-0.0214437402629048
0.00092354954373793,0.0013647167482756,0.0014768446925982,-0.000488819631843398,-0.0184956407481394
-2.48909929322404e-05,-0.0002213574461087,-0.000443301108058299,-0.0036403656365003,-0.0221468748074128
-0.00034570297992511,-0.000681218606443199,-0.001055229449254,-0.0040896504506172,-0.0228485515107738
-6.43439479236004e-05,-0.000265213131002799,-0.000444133164285501,-0.0032838148948501,-0.0211658956731002
-0.00055032172272522,-0.0008095296864962,-0.000933418826472202,-0.0039289400933796,-0.0217670834455636
-0.00058437583471121,-0.0012618224724761,-0.0017635384230025,-0.0049467172948198,-0.0233749637679305
-0.00033605472353338,-0.000889631420685761,-0.0012627307630399,-0.0042004521633115,-0.0218432927362796
-0.00044196405725301,-0.000984878004600669,-0.0012931296760952,-0.0042972283074017,-0.0221325179789523
-8.79322860679998e-05,-0.000410592837019601,-0.000450950597528098,-0.0032568221021773,-0.0210397408414175
-9.75235698038408e-05,-0.000101367967517401,9.60561497573009e-05,-0.0019145705556813,-0.0189831331068895
-0.00015113602599335,-0.00025031365277658,0.000153595262281498,-0.0020584063995217,-0.0190940676338262
4.19259881150498e-05,-9.13668798540393e-05,0.0003190657487071,-0.0017493354605596,-0.0177290387988212
-0.00025616250005734,-0.00048693380907445,-0.000108423676699101,-0.0023968394775364,-0.0177307323811081
4.27734987328695e-05,0.000106311938676759,0.000734513535037101,-0.000792639804654098,-0.0165068624787826
-0.00037275277690747,-0.0003736838370181,0.0002439603707752,-0.0018850527752769,-0.0170663625864491
-8.17071805650198e-05,-0.00014325559696924,0.0005112956210732,-0.00196672479108721,-0.0173403561655211
-7.45306007971097e-05,-0.00018345902425802,0.000396883774851,-0.0022479245565433,-0.017267343187391
-0.00017168743377247,-0.000311504831338769,0.000265322448158601,-0.0023004892788035,-0.0172649579213782
-0.00023693116199282,-0.000451099994042831,0.000128629726241201,-0.0023310601388004,-0.0171892006198408
-0.00040738072127248,-0.00066772271829372,-1.78967362574004e-05,-0.0025705007988519,-0.0172639996787216
-0.0002724699329831,-0.000482787167938431,0.0003244630167996,-0.002276877524408,-0.0166492848989607
4.1566483034907e-06,-5.12956397695306e-05,0.0010107056657914,-0.0014616875577364,-0.0157123981057023
-0.0002811732664684,-0.00039587079071287,0.0005068591916653,-0.0023231176746294,-0.0165079444190283
-0.00019943509446634,-0.000282489041306379,0.000748612408562801,-0.0015345753456409,-0.0145919776287208
-3.80867089528501e-05,6.22062841264311e-05,0.001353535522491,-0.000428138720349698,-0.0126950820299138
-0.00018070860507264,-0.000237354062869271,0.000927526182725399,-0.0014613552631028,-0.0137171221596103
-0.00022606288334979,-0.000367849747915431,0.000691913820338201,-0.0016661015672549,-0.0139592670325888
-6.03831469627803e-05,0.000123679475653551,0.0012271345851553,-0.000918758296049302,-0.012658068981045
4.953613141386e-05,0.00021027661326093,0.0014540881270089,-0.000953087026680899,-0.0125821172478083
6.43734889267298e-05,0.000307547444129469,0.0014837212652762,-0.000594928603211801,-0.0116121301071735
0.00014545456892984,0.000525927080837051,0.001566379161864,-0.000790505048458699,-0.0121681070934649
0.0001677381666439,0.000569259893197329,0.0016428871172562,-0.0007270391979869,-0.0119412812435278
0.00047181513129035,0.00107190880727465,0.0022965019871785,8.91567803538995e-05,-0.011405077144398
0.00045544980634688,0.0013141440070272,0.0027483001461867,0.000498847883940102,-0.0109420394016824
0.00025352556266268,0.00108653446740541,0.0025439809125667,0.0004143050475016,-0.0104561076437352
0.00124589697141897,0.00307435969823489,0.005188423322525,0.0037068452501462,-0.0064385444880846
0.00123499914493014,0.00331171326125336,0.0056372671189071,0.0047669972959788,-0.00577140338511031
0.00160963139551945,0.00432097950042647,0.0072740959865675,0.0068714795488362,-0.0037050178611833
0.00246998975805263,0.0057202249879701,0.0087117161661344,0.0078052180646748,-0.0045866176902529
-0.00022930495571527,0.0012255915671352,0.0028436365698927,-0.000187681041466603,-0.0144632176666471
0.000778404818549841,0.002429435133247,0.0036634367916355,0.000907231082313296,-0.0125725405240022
0.00048534462836978,0.001835885102029,0.002742149955823,8.73608321165995e-05,-0.0138360350836559
0.00026820735971639,0.0016673821958584,0.0025357274363157,-0.000158991190775101,-0.0141459865989012
-0.00060798441509871,0.0003695847980166,0.000963856686810999,-0.002059389469683,-0.0158375925529417
-0.00028459931263222,0.0007583647002481,0.0012782333718418,-0.001368583567456,-0.0148771885578603
0.00017184235237725,0.00151000931265966,0.0022580086060444,0.000276665327735001,-0.0126162966283978
1.39078142525999e-06,0.00116917012116504,0.0019030001421517,-9.84209810274e-05,-0.0129371511113319
6.95453124036705e-05,0.0012164032639486,0.0020488636545406,0.000501494823296596,-0.0117261900740938
-5.03123195710973e-06,0.0011573968849366,0.0020655940527349,0.000902939247802104,-0.0110901048679466
0.00061695913641698,0.0022678935211628,0.0031613664569813,0.0020662053654554,-0.00971689749881841
0.0005140493197145,0.0022709925225344,0.0034358586160087,0.0024554747664711,-0.0090669437473825
0.00120427822802431,0.003473223683002,0.0049919938384234,0.0042954224557516,-0.0069515088971976
0.00067737499774884,0.0025517949261655,0.003950386475413,0.0027744504109338,-0.0095037690759316
0.00038481427838638,0.0020665325852534,0.003414078156615,0.0019743045432851,-0.0103440205597717
0.00098794954656806,0.00275966164702216,0.0039831685492039,0.0023866224597378,-0.00967513946096109
0.0013203514343744,0.00295199867731932,0.0041016870830366,0.0024437248373361,-0.0106850075643102
0.00094835864725569,0.0025651376417789,0.0037057092504707,0.001675871018756,-0.0119812485996696
0.00131830499824005,0.0031424324736662,0.0043315929909419,0.0029021064400119,-0.0100266485882225
0.00093793662411225,0.0027992052927745,0.0039351714854198,0.0025962327694395,-0.0104125755017404
0.00151521007890224,0.00332168408276678,0.0042588392748378,0.0029366771216355,-0.00980385630002899
0.00071049983456221,0.0020753561954779,0.0027391345475996,0.0008549483861022,-0.012875231247176
0.0010173994687142,0.0024155647614614,0.0030342723066501,0.00114515046218359,-0.0119249331831203
0.000696129617269461,0.00176429650945696,0.0021704509866543,0.000296764363068198,-0.0123332861382142
0.00041514878671154,0.00105513695726513,0.0010893957218762,-0.0012640732115248,-0.0138901314634416
0.00059737446591778,0.00106664294500911,0.0009389279362593,-0.0019468207106447,-0.0148083244706914
0.00076273433233167,0.00132328877482173,0.001096063061806,-0.0017092304484972,-0.0145163742882843
0.00084645824286701,0.00133506731573062,0.0009811271396693,-0.0020931964792942,-0.014840333347938
0.00126979550243859,0.00200686970468823,0.0018649230235028,-0.0009834697338909,-0.0137024913228714
0.00123425766127104,0.00211986257502875,0.0019064458321822,-0.000467317625526702,-0.0127928061679596
0.0020318504072894,0.00338637788235067,0.0035018469810878,0.001377743401507,-0.010000662073446
0.00194805385878204,0.00306627144114484,0.002936512336439,0.000487045194843702,-0.01119851828493
0.00176651030514616,0.00268973749561075,0.0024944701387698,-2.54731074791001e-05,-0.0120787662044335
0.00170084452083483,0.00248400467941468,0.0021824104709907,-0.000810723810332797,-0.0131657201163633
0.00167435140872649,0.00249854009562217,0.0022913068906318,-0.000641588873933497,-0.0132679198525022
0.00368056478618492,0.00517632095502587,0.0053249795058642,0.0027874432436858,-0.0096891826574567
0.00371954136799259,0.00520700210639284,0.0053750071069423,0.0028680161350583,-0.0099811100935239
0.00597970286589118,0.00877349866647246,0.0098005057342159,0.0080994025939734,-0.004909726196407
0.00456378505077681,0.00632351278906879,0.0068004248431913,0.0042148317624166,-0.0088339774579908
0.00511050381489829,0.0074062733069653,0.0082929611238727,0.0058707879896174,-0.00846974235743229
0.0050673272364155,0.0068520353602066,0.0073301846162239,0.0042492964848308,-0.0105105467752981
0.00364426930183936,0.00464318317403041,0.0046353023495157,0.000750139527548599,-0.0137634003323118
0.00126074758262465,0.0013942451790409,0.000913973921740002,-0.0035880505280867,-0.0194489135493315
0.00105977273658834,0.00127189697007886,0.000960585410340499,-0.003299832406414,-0.0180067991231073
0.00010166666790878,-1.27014280853297e-05,-0.0004807290450676,-0.0048884734905805,-0.0196612279772769
-0.00071535948029127,-0.00178784966116412,-0.0029507450425448,-0.0088157228191318,-0.0256105625492197
-0.00044666679279907,-0.00122141058071962,-0.0023043875549704,-0.0077642057281561,-0.0240576109751222
-0.00025679397943464,-0.00092107501929057,-0.0019877756139358,-0.007025978904864,-0.0221422805549742
0.000541987135716911,0.000425960482489791,-0.0002522586005575,-0.0047393968020785,-0.0193317617504216
-0.00022848564716202,-0.00079950443044206,-0.0016478493323464,-0.0063738511370286,-0.0211701927335384
-0.00018547370295201,-0.00067699794727008,-0.0014147784161888,-0.0058570457636106,-0.020144397528626
1.14024993415991e-06,-0.00045487270269527,-0.0012022046948157,-0.005523506927182,-0.0194407881686356
0.00010756995866153,-0.00013607935215116,-0.0006890783096252,-0.0048861913148001,-0.0187576445407772
-2.902956995009e-05,-0.000338871227044171,-0.0009553336698792,-0.0053245429372685,-0.0194126706440301
8.24563746865499e-05,-0.000239413703768711,-0.000800232897166899,-0.0048203317510891,-0.0184223522861316
7.408678009088e-05,-0.000301415730903259,-0.000946491519476001,-0.0047344269884903,-0.0186987915214673
6.46594100632992e-06,-0.00042607556633342,-0.001094193181443,-0.0050510172155671,-0.0192265239182583
-1.08641872455201e-05,-0.000542777928130589,-0.0012433831991489,-0.0051213478540316,-0.0190023173248285
0.00012202807589283,-0.000501355207712341,-0.0012665317617539,-0.0052456256084515,-0.0191160740880822
0.00016797891832054,-0.000370205045706749,-0.0011237835146206,-0.0051068616096632,-0.0189008442093664
0.00024574054843616,-0.000252547192151681,-0.000999371481624401,-0.0048716110433649,-0.0181792325614296
0.00025249123859207,-0.00020013405092304,-0.0009007722840314,-0.0047709818449995,-0.0182313651940999
8.720858789197e-05,-0.000396178537902371,-0.0010413675205103,-0.0047933950375038,-0.0178846903332804
0.00028595604373856,4.57855234774996e-05,-0.0004230670029816,-0.0040087350569313,-0.016534234774777
3.90807667638897e-05,-0.00042819136159891,-0.000994002502919799,-0.0047062566933374,-0.017217667382106
0.00016134111485838,-0.00020785128111636,-0.000663130429637301,-0.0043216427780571,-0.0168345185555844
0.00016960428076685,-0.00015351883209046,-0.0005698267951132,-0.0040462639577191,-0.0162408285633451
0.00053832270188698,0.00051397808817638,0.000338707115787299,-0.0029965458608488,-0.0148269948153882
0.0009588690184763,0.001168673120767,0.001255606131477,-0.0017964004218929,-0.0128565203111528
0.00060722402350367,0.00067123711696263,0.000645609413119499,-0.0025555957392348,-0.0138683473159846
0.00047816052057531,0.00036143354123458,0.0002426495574355,-0.003116428968706,-0.0145773298961777
0.00039042200269546,0.00018522811733436,0.0001368415747309,-0.0031510975399583,-0.0145867608833372
0.00057203897640843,0.00053084691000327,0.0006045541022581,-0.0026736427674272,-0.0140130821562542
0.00108399824009229,0.0014676875022907,0.0016692823123551,-0.0012536007295621,-0.0135199307365008
0.0010150450132464,0.00137267731641826,0.0016397559178585,-0.000912356494031,-0.0129886045267262
0.00055017939222121,0.00050716862179603,0.0004780881341201,-0.0023882716163697,-0.0146590001028759
0.0004762415118007,0.00037618818597339,0.000250269586461099,-0.0027161693899052,-0.0149684478120135
0.00079587367707585,0.00102598073140263,0.0011329789471984,-0.0014743740590701,-0.0133692004383793
0.0007960730989291,0.000906029282554319,0.0009182610038816,-0.0017128636477426,-0.0134859394355877
0.0007768863701139,0.00085256688662889,0.0007290829197611,-0.0018613736271253,-0.0137850615849282
0.00126368759589371,0.00182849944648383,0.0018944710949326,-0.000515037809627198,-0.012826144059956
0.0009728406071137,0.00131991996024995,0.00127132218765,-0.0012319353741319,-0.0134919198111897
0.0007490998422387,0.00096806200134643,0.000780951238557499,-0.0022718443344161,-0.0147331119262634
0.00010872558432033,-4.12535842366033e-06,-0.0003673319234795,-0.0035913856355082,-0.0165796700663362
-7.44625878187901e-05,-0.000222482536099361,-0.0006063220925215,-0.0038635143197138,-0.0170811391845446
0.00095441100404659,0.0014663859924644,0.0014659866777288,-0.000880526659170398,-0.012755268130533
0.0005061271182097,0.00076549341803356,0.000642517042046801,-0.0019484145939214,-0.014070071912518
0.00032695759456119,0.000540119380699241,0.0004336252777749,-0.0020850620162837,-0.0141283631191164
0.00055990123875737,0.00096870895291239,0.000978274168805299,-0.0015561519321447,-0.012730269668193
0.00052728866304895,0.0013285612581384,0.0014129121362066,-0.000867310635735599,-0.0118707421805309
0.00066816669752735,0.0012503152249708,0.0013247304951394,-0.000539174552694498,-0.0120745861341345
0.00030071910806126,0.0006668405953818,0.0006100959210407,-0.0016147102588457,-0.0133630640426909
0.0002837751124494,0.00066630004314694,0.000754635763644399,-0.0011265350788548,-0.0123397773027742
0.00035086539203862,0.00078515216748145,0.0009382327807882,-0.0006522634886948,-0.0112239293529948
0.00042587839193748,0.00103722568546343,0.0012927231917295,-0.0001706125520811,-0.0110141469836793
0.00065848971499345,0.00133526788529131,0.0017683066949169,0.000609134914118199,-0.0096361687705489
0.00358022524571688,0.0058161487097934,0.0071708643332821,0.0076567684332722,-0.000759899426320196
0.00200415525049523,0.00366851297829969,0.0046648762507889,0.0044036797957183,-0.0054026186032197
0.00237769511781776,0.00451989175046026,0.0056035483492768,0.005027932940154,-0.0052399512785761
0.0019193286808284,0.00369576998287678,0.004739084362943,0.0041290211131026,-0.0060441204830226
0.00112214299112616,0.00229724570626166,0.0029934290427725,0.0020277627782393,-0.0091346531781493
0.00064802105152254,0.00151205937418755,0.0021079749829649,0.000963245470139901,-0.0100042267163826
0.00034737749202252,0.00085812855597691,0.0012405693970545,4.46429803682979e-05,-0.0106755858784367
0.00024573830841813,0.000856978409691269,0.0013738211619273,0.0003967216062126,-0.0094658127994097
0.00043700434053879,0.000974383370256761,0.0014489387957875,0.0004641407313608,-0.0098725569259042
0.00051019994788364,0.00112673372121482,0.0017248161355196,0.000990235215719299,-0.0090523938857344
0.00051749359393041,0.00119472918853306,0.0019214578006765,0.0014651432586112,-0.00818785754735499
0.00037980906561415,0.00109924296078666,0.0018831680857821,0.001604426989046,-0.0080455194910028
9.60001438824101e-05,0.000523154877948889,0.0012768846354435,0.0009299661189218,-0.0087699709502136
0.00029965825546473,0.00100630647772262,0.0018710584157288,0.0017937608836179,-0.0068903419582932
0.00029683287557856,0.00103650337291569,0.001840723625246,0.001919638159294,-0.00679788087772591
0.00042097554332667,0.00108822573299754,0.0020242951616657,0.0023885102156469,-0.0068161911727282
0.00042883835924758,0.00101713135830155,0.0019122966829939,0.0022748890914066,-0.006741654807371
0.00092927328450788,0.00184372718756841,0.0028464207689246,0.0033758468118979,-0.00557426720186621
0.0002517712879913,0.000664285439900649,0.0012124953435695,0.0012489340577368,-0.008909068312379
7.39588540857499e-05,0.000326901481637351,0.000642274017266199,0.000484131599474701,-0.0097558844776672
0.00195216625211317,0.00300653694202749,0.0039409951617525,0.003828826438527,-0.00728181643810751
0.00017670235621731,0.000402032795487259,0.000561701485349,-0.0007315474624142,-0.0130262994886066
0.00015151307425142,0.00011880262800344,4.59935284997e-05,-0.0013985765869201,-0.0127905822897364
0.00033199951101104,0.000477092371728769,0.0005856810930284,-0.000503003146647599,-0.0115505664908607
0.00058428441304376,0.0009444632691606,0.0011511993432389,0.000153797334231098,-0.0108996843523412
6.98235122768599e-05,0.000137920833610901,0.000190200506062201,-0.0016488671036209,-0.0139383879466128
-0.0012712326325738,-0.00183099033885647,-0.0022786591163477,-0.0051348805321072,-0.0187381445636919
-0.00066748671089105,-0.0009737867176346,-0.001240691516961,-0.0038097491555263,-0.0168389935774364
-0.0003441238502482,-0.00042676884170436,-0.000554040366911502,-0.0028002271616076,-0.0146895827440917
-0.00046348692836077,-0.000549800197090651,-0.0005756260960172,-0.0026089068543638,-0.0142448329901626
-0.00031571478263422,-0.00034026822023283,-0.0003119698110497,-0.0020676977783003,-0.0130425378378143
-0.0003414033901204,-0.00024423936479543,-1.40217190436002e-05,-0.0013066441971115,-0.0111435649887094
-0.00039362454057663,-0.00041984505186527,-0.000184843745935999,-0.0012948558907795,-0.0086927587144374
-0.00037698292451902,-0.00036791538046003,-7.5193151060601e-05,-0.0011422627214295,-0.007937269830479
-0.00057575911795081,-0.00066922014836056,-0.0004498874528865,-0.0013549080106247,-0.006806076528472
0.0002027407478816,0.00057807042007975,0.0012533671162485,0.0012132484018362,-0.0026153293610447
-0.00025564212804901,2.32462266884304e-05,0.0007539725451771,0.0012938629184548,-0.000791326058639102
-0.00012353607125946,-8.59990328545054e-06,0.000579130589238849,0.0017414724617881,7.87274350722011e-05
0.00040754889433486,0.00092156776323145,0.00180281709565935,0.0035165933786802,0.0026626035210582
0.00035413035693456,0.0008990307704001,0.00183111106039,0.0040091208138125,0.0041489490257453
-0.0001412888163374,0.000170507539651281,0.000886332842730219,0.0027718921086155,0.0029903114013445
-0.00012857558072623,0.00021623919861499,0.00091869036477913,0.0030640048740373,0.0039178138634966
0.00040393541216107,0.00090717270698999,0.00168028938874883,0.003917873400433,0.0053140203613356
0.00023121509249066,0.00067576305923124,0.00138943583639926,0.0035492771579136,0.005031529841437
0.00025408097370489,0.00070103469503445,0.00140393253514162,0.003523575495104,0.0052525464339934
4.53171509846601e-05,0.00039068763795559,0.00102789917870974,0.0031577540353097,0.0054700421278575
0.00020504297212513,0.00050360895589924,0.00104629117212916,0.0030052829082888,0.005353824965057
0.00033128655654971,0.00078163128981117,0.00143002046305151,0.0036425994814935,0.0067039981084868
0.00023483648578558,0.000658230550099521,0.00132517777749083,0.0036675354669521,0.006752631072281
0.00021766386489602,0.00070094136053133,0.00145631188849151,0.0039355621092829,0.0072422072561009
0.00020587932466995,0.00071593365382096,0.00150642545715331,0.0041288105457619,0.0078217232042267
0.00037897753436769,0.00106132840506106,0.00199363720526264,0.0048608985988426,0.0089653850538104
0.00030638190194832,0.000917850804131919,0.00180402167644388,0.0046887271262987,0.0090373048347038
0.00037298848638197,0.00112323717980388,0.00212829575514331,0.0051875881310834,0.0098211742492723
0.00018550120880562,0.00083197111437349,0.00173652103100852,0.0045853687706896,0.0091268634238938
4.98809803048501e-05,0.000898993971906761,0.00184662425006637,0.0047831055557063,0.0097229405699186
0.00037824228340036,0.00139661042275779,0.00247874808107082,0.0060331137666288,0.0107067920843102
0.00058898971140153,0.00174876415100877,0.0030303507002735,0.0066568649763859,0.011378967489195
0.00030558825742633,0.00118779870755284,0.00224148255963275,0.0056204104959278,0.0100105168833486
0.00059300445193318,0.00176746814638452,0.00313706229769215,0.0069252756346185,0.0116678052605552
0.0002217750382526,0.00113484590000931,0.0023084207442009,0.0057586789060833,0.0104895041289291
0.0005072900503274,0.00152577834225335,0.00280991001807129,0.0064155277940017,0.0118190780676991
0.00053295651357101,0.00146506921396879,0.00268719206743612,0.0064533505016538,0.0120522919701455
0.00047243824291302,0.00138965739714932,0.00261369491615342,0.0063848066380822,0.0119807495697086
0.00053169152657735,0.00149468178157567,0.00271660468157417,0.0065148447843593,0.0124011181778204
0.00089495324805459,0.00210566397860981,0.00353389685693902,0.0076235863414939,0.0137170370935414
0.00084603524666621,0.00194048932114667,0.00328776205896115,0.0072829962061613,0.0133806390895388
0.00117280029945312,0.00254703349378145,0.00411491696974842,0.0083962777133344,0.0147357197782545
0.00096074802956908,0.00212718059784566,0.00354893055199502,0.0075932950523163,0.0137648878227765
0.00085292872312465,0.00201161454678741,0.00342224806943843,0.0071816322890795,0.0131700645029229
0.00046784792728737,0.00141633696410889,0.00271188288481739,0.0062634118294063,0.0119864986587109
0.00081655086218917,0.00185993247229595,0.0032573303824971,0.0070999953281039,0.0129280427798318
0.0012944302553951,0.00276145952170753,0.00446124703470186,0.0087795272746568,0.0148193855810086
0.00289831728780464,0.0054918616078861,0.00790920817633491,0.0131183427220708,0.0194319947991888
0.0013210951073984,0.00290610034454766,0.00458618953308025,0.0085632323359167,0.0143473826505769
0.0006940174463431,0.00176649536007401,0.00318349722780219,0.0069414826019001,0.012398510256655
0.00099795633042091,0.00239307587196728,0.00409309149460059,0.0084308532818865,0.0142855223545501
0.000984306970933,0.00231983790337717,0.00408112597549181,0.00877564011578,0.0152151769901501
0.00140405617449842,0.00327531438837191,0.00537909427293402,0.0104580310431133,0.0172073697318736
0.00099626204135273,0.00245378601788903,0.00426191364509294,0.0088973508425403,0.0155583660518771
0.000905369194897,0.00228074714742187,0.0040120165254156,0.0085850797574907,0.0151641876946617
0.00069233263744892,0.00185521151958582,0.00335096526674052,0.0073915903260019,0.0138019180553913
0.00078540807542217,0.00202338682989867,0.00365035640503619,0.0077569967191399,0.0142996480218671
0.00060343461491359,0.00159663454795876,0.0029959520129941,0.0070546096120956,0.0135567550018961
0.00044173713005162,0.00121887756411154,0.00242177162330633,0.0061598451218478,0.0124878799814119
0.00039023320950693,0.00117075730488231,0.00231866397482255,0.0057647649770144,0.0117638259401971
0.00075433742871438,0.00177767240213013,0.0031228329475789,0.006901002040078,0.0132418093196788
0.00066003030017839,0.00173435972783141,0.00314944074006881,0.007177826719663,0.0141256848348081
0.00073685845730137,0.00194199212489428,0.00346922167449219,0.0078124898626843,0.0152394000654349
0.00048330922200608,0.00148624872762276,0.00280096746095885,0.0067997286162055,0.0141454009924254
0.00055949742079577,0.00157648971966026,0.00291082942051539,0.0070112069841593,0.0145495633058683
0.0005973710197264,0.00161024573610012,0.00288175862904876,0.0067450134007215,0.013856223169518
0.00090353913231532,0.00209066446880443,0.00354068572315391,0.0077074886210405,0.0152088504601747
0.0004545342814495,0.00133628119399992,0.0025418247871131,0.0060104938942689,0.0129928708226818
0.00042842457409298,0.00123456955153334,0.00236828408060433,0.005801589747452,0.0126650448458046
0.00059366538503756,0.00157585322924189,0.00288441057438111,0.0066384186433825,0.0139025334886834
0.00070891203374583,0.00180718368516394,0.003245849631416,0.0072279953739018,0.0148755425945961
0.00056882543784918,0.00156474562591295,0.00285311246513983,0.0066576788610364,0.0141767355672805
0.00046478531075044,0.00138872933550853,0.00269763991690839,0.0061994822947404,0.0132331574926229
0.0009143248790044,0.00225325959318089,0.00388338043223104,0.0077917900091637,0.0154619823296927
0.0007906944635008,0.00180437436411824,0.00329548144031857,0.0069930507716947,0.014827935994124
0.00054782281401187,0.00138857176946355,0.00274529012460577,0.006184772263269,0.0136563891739944
0.00045750714888937,0.00120527464526528,0.00244734078205275,0.0056988136879769,0.0131772509462429
0.00041326050145502,0.00111275173228838,0.00232489332248139,0.0055478568213619,0.0132605560027731
0.00036726246811872,0.00111381447947952,0.00232588178086954,0.00564799326424947,0.0134263032301512
0.0004800533472346,0.00129592997053265,0.00259523138831235,0.00601528704187865,0.0140724357435241
0.0005472315004085,0.00143677370839855,0.00283105782748318,0.00648324706054724,0.0147044223967259
0.00052579953583996,0.00146067560375879,0.00287372120810908,0.00674428711125244,0.0150666386068537
0.00050467788731456,0.00142926359322315,0.00283255557365794,0.00675519963800419,0.0152919156683131
0.00050235422476108,0.00142927957428202,0.00279429842182915,0.00664271448439501,0.0151991794890327
0.00070467760129253,0.00176939386567793,0.00317913813275134,0.00708781403940921,0.0156625936540112
0.00071725097997693,0.00188405647156789,0.00338806107187958,0.0074931015704816,0.0162452686958222
0.00119721271797262,0.00268463259644056,0.00436359636196216,0.0086804265994791,0.0176239758293862
0.00064115572665843,0.0017533306824782,0.00316846806187827,0.00717693547383835,0.0157527173943604
0.00075614973328752,0.00193978671320591,0.00347558285934846,0.00768723342318568,0.0163014203438106
0.00083210382821829,0.00211254801101344,0.00369271177252943,0.00819210786419101,0.0172656236152735
0.0007600060993311,0.00205715170271133,0.0036434783145319,0.00835002518904181,0.0178698130345684
0.00085700242677395,0.00231522727748709,0.00398723166820734,0.00881325138141186,0.0184057599646027
0.00096967709576713,0.00277842221145079,0.00454577984904897,0.00960702674193798,0.0194404847910865
0.00237925180261669,0.00506461492978126,0.00727261312607527,0.0125893572785006,0.0225116849662772
0.00122628640844181,0.00303099958020113,0.00481220190129901,0.00976237502180207,0.0193121616057908
0.00094606951462953,0.00253307882380312,0.00434206540253747,0.00925056270800561,0.0189870636775977
0.00094484797464638,0.00256254901999131,0.00435090592988137,0.00911766663181255,0.0188192906205657
0.00072347451117966,0.00227563675337791,0.004027074769238,0.00893914817221471,0.0180326099045106
0.00093014279788661,0.00256059636026522,0.00444448695089523,0.00955788749705225,0.0190848407575415
0.00117286785789027,0.00297828535723051,0.00500736454720177,0.0104132527640424,0.0200552995638427
0.00084644081682155,0.00241164984023355,0.0042808911123155,0.00946509192909078,0.0188554396397135
0.00085014142926513,0.00237789339284585,0.00425193601370021,0.00938549638766266,0.0187738219811667
0.00106167321489024,0.00275954761548205,0.00477197934933299,0.0101371770277592,0.0197224834671394
0.00138262580165031,0.00330640198430211,0.00543226983479362,0.010852602758782,0.0205895281483859
0.000943558792766,0.00259476844875467,0.00451432176462344,0.00967489506518291,0.0190819831798891
0.00096189621047945,0.00262444521016727,0.00456828154080443,0.00981975452419066,0.0192916938151758
0.00095828335742472,0.00256398643374266,0.00447623220886086,0.00966848804906724,0.0190637765852309
0.00080762372871092,0.00234764322352392,0.00412903172841067,0.00915709611896712,0.0185985732187082
0.0008943828874124,0.00246336574346413,0.00435425125663777,0.00955153702662762,0.0194926182756491
0.00091513016108289,0.00247415144205567,0.00436147638909205,0.00959032816551023,0.0197151477603681
0.00081066459218279,0.00225080827111803,0.00406113048355215,0.00931584225637962,0.0195108393538612
0.0007716809724223,0.00213982062731686,0.00387057238870011,0.00902905377539462,0.0192884590553811
0.000742565125281749,0.00214436843117671,0.00387687123186895,0.00908579123764327,0.0194078137509335
0.00083470156335002,0.00233188778936582,0.00410730047441534,0.0093857957533438,0.019755556603358
0.00111918952988908,0.00285413752236535,0.00488309854065326,0.0104268993272625,0.0211101468731783
0.00128269942984125,0.00316223597558904,0.00525647433798955,0.0111090883452742,0.0220935579288803
0.00173797764854407,0.00381377904293374,0.00601298099330575,0.0118065119439244,0.022571523117235
0.00100882323262961,0.00278810095193753,0.004763972631617,0.0108941420341126,0.0211488214925913
0.00079605777463919,0.00240962777031518,0.00429549099925083,0.0101048943535138,0.0202857984037044
0.00088217744246719,0.00253100052710992,0.00445912512781706,0.0106379556253439,0.0210334948928822
0.00077587798086535,0.00227416441432248,0.004047337170261,0.00992940994999465,0.0204339917131891
0.00127157482797313,0.0029722683266075,0.00489763515468279,0.0110435114955776,0.0216495053263402
0.00071915819114791,0.00216375649250854,0.00391567115566643,0.00969643926197538,0.0199152950003025
0.00080919983384449,0.0023519490813132,0.00416395022691657,0.00995767619959527,0.0202734090783389
0.00090350966000702,0.00241168471074627,0.00422990041826086,0.0102013782536752,0.0208492903408443
0.00083972829406153,0.00228889289182892,0.00405607896175225,0.00999964218108731,0.020907224372088
0.00097576851956443,0.00243057589360921,0.0041840447599708,0.0101493940060924,0.02129640961938
0.00082643568403981,0.00228364568746025,0.00406307206512727,0.0100370801274764,0.0212019532991284
0.0012127011536548,0.00289255372758627,0.00485508568612421,0.0112473580049555,0.0232649168198257
0.00124731765061074,0.00303845319584149,0.00511697775735255,0.0117919288913741,0.0245540444332549
0.00125316557177072,0.00300008769067596,0.00509712834997466,0.0117673092346332,0.0246248232060793
0.0017640379044417,0.00370081031514095,0.00588987704932743,0.0127806346360473,0.0259622919591197
0.00161504913629025,0.00357871280907712,0.00580209999772751,0.0125598154719371,0.0257651706146274
0.00161771967434895,0.00361177718737522,0.00590688605340024,0.0128690047708628,0.0262596648995366
0.00106654871597873,0.00278517563030883,0.00480698671675204,0.0113853941552337,0.0244695733532154
0.00114920561079618,0.00288219163088839,0.00491747358903608,0.0115637328328959,0.0248689825828073
0.00157555021784343,0.00357840783644097,0.00580214883450257,0.0127148589511624,0.0262586818368088
0.00331536531044047,0.00638847445389458,0.00916080561731412,0.0171962000980816,0.0306835571735515
0.00218389354648749,0.00458557444207523,0.00695775833034523,0.0143615076383138,0.0275102208005772
0.00160894579727829,0.00362421983337599,0.00580496670067509,0.0128439794460282,0.0257321248535661
0.00109792295136466,0.00270080555839032,0.00468774146506903,0.0113610453654909,0.0240657518346915
0.00095286611959196,0.00242759883407164,0.00436033431021042,0.0110846969390567,0.0241151084946114
0.00114870814919814,0.00272455089054894,0.00465769130836726,0.0115431061695248,0.024910952180701
0.00209738670258024,0.00424600257817572,0.00653599966006388,0.0140847886253121,0.0278604780399553
0.00210437462169524,0.00430666679757595,0.00658889955582148,0.0141531253369608,0.0278409011547484
0.00206210093559511,0.00426905005235377,0.00654694595815191,0.0140838087489458,0.0277487379406704
0.00148815212587667,0.0034660036108453,0.00559894763713764,0.0127874897006615,0.0262512035782886
0.00191617241104697,0.00410468545642913,0.00637959508291673,0.0138649607284355,0.0275000905280209
0.00148616902484581,0.00339707839230657,0.00545737925355359,0.0125131219356739,0.0259799712475372
0.0013940466905511,0.00335092392365473,0.00540998399890222,0.0124533682763794,0.0259347623326627
0.00112453188589968,0.00287456133510312,0.00486649163493314,0.0117683525068962,0.0251995449238044
0.00098305531375279,0.00266284735756557,0.00461760646592565,0.0115619198307799,0.0249722562168391
0.00129050263692772,0.0031061842160091,0.00510773749407183,0.0121219539200068,0.025679119076886
0.00126564498537777,0.00307780154891189,0.00502378778003468,0.012005338019381,0.0255041215414745
0.00100573581000792,0.00266715094207447,0.00445363472178369,0.0110728604562404,0.0242673666675246
0.00072257713434573,0.00213031196109613,0.00385594730298796,0.0104841913343503,0.02314477778862
0.00044355515623321,0.0020189827829043,0.00373800020448072,0.0104353242649464,0.0231440030363918
0.00058896075960652,0.00215432964486892,0.00393885161423813,0.0109804679287196,0.024021308826145
0.00053660855696631,0.00202238876882354,0.0037412749186484,0.0104729008459228,0.0231142921875697
0.00054896781218149,0.0020207924497325,0.00373968758792503,0.0103641803268263,0.0227169482067467
0.00048610554888073,0.00185393056626131,0.00351450220249394,0.0101260040737883,0.0223296791974602
0.00050470613499083,0.00194874107766081,0.0037013394719691,0.0104424961150278,0.022665421506108
0.00060562775729501,0.00196541135635441,0.00362560595541997,0.0100199253415094,0.021972099617043
0.00069515350704376,0.0020516094109611,0.00373191572119084,0.0100437619034099,0.0220185026099617
0.00092132510001507,0.0024894700581116,0.00437913756607282,0.0110914185617562,0.0235051358099536
0.00091372948704349,0.00242785281009736,0.00430035058310264,0.0110490914923365,0.0235311592672815
0.00093297128171221,0.00244609141302832,0.00433866203638217,0.0110813275378587,0.0234263795073938
0.00100950347654406,0.00256372015555947,0.00452559688829902,0.011294719921765,0.0238069436872149
0.00095679623488819,0.00242263268717449,0.00431086983626046,0.0109625155892903,0.0230195128401034
0.00070524868860422,0.00196905207206124,0.00369999860348054,0.010142097512449,0.0230385629345239
0.00084958899560094,0.00223848712149354,0.00407639681376484,0.0107295675791732,0.0240681510208009
0.00094495488090426,0.00246240906514976,0.00440777578547984,0.0112967079831019,0.0248914622116655
0.00113632479006989,0.00280221226315104,0.00487714809880578,0.0119233619239917,0.0255532669277212
0.0012510124746274,0.00298239318136915,0.00511818256930897,0.0122797781923063,0.0260903957130851
0.00151085456863118,0.00338793314361529,0.0056327945301802,0.0129078803216609,0.0267074548009442
0.00123506192386709,0.00298789232764353,0.00516393591015761,0.0122910440537947,0.026191132600907
0.00096389075989761,0.00261633177363833,0.00474672084673949,0.0119053607622603,0.0256608848504462
0.00104328496327309,0.00276254953179745,0.00497231762423827,0.0122774882385796,0.0263365967815772
0.000924311708484955,0.00259181738690557,0.00478767004633216,0.0120385916400087,0.0264079434265565
0.00106250063693877,0.00288567248183361,0.00526869169398891,0.0130884909427771,0.0283409297195649
0.0011535055039436,0.00304197631793017,0.00547865595493013,0.0132387484550336,0.0283869934456344
0.00136740178488647,0.0033002941549129,0.00582815826794858,0.0140639140763548,0.0292446969783426
0.00134596359111248,0.00324617017779453,0.00580881349669202,0.0139593535835909,0.029062395620973
0.00140964023034756,0.00325668458794228,0.00580377782805125,0.0140749758372811,0.0289882278763862
0.00133686522773039,0.00310784861826698,0.00560708699621264,0.013750192404379,0.0287053486442958
0.00220489203721357,0.00455213767762382,0.00732989120715631,0.0157363974721783,0.0310549664294313
0.00332242624646976,0.00644588811940084,0.00979514220306389,0.0190092443134694,0.0351087940304773
0.00351675503056414,0.00675781912175881,0.0101734941642523,0.0192793806183621,0.0347052180306113
0.00263278649119375,0.00561376015667399,0.00883621075715775,0.0174826638654808,0.0322508533863803
0.00391705166500518,0.00784501667611946,0.0117387127213147,0.0213485038461269,0.0364377724906078
0.00257142919108251,0.00562254613125656,0.00891772451997279,0.0176595323134354,0.0329525603302453
0.0016331336778002,0.00393558650017616,0.00666211919296804,0.014567771277687,0.0293547192050973
0.00115623825440445,0.00316655458329355,0.00568831546477073,0.0133988610755204,0.0282209035413225
0.00147953123243056,0.00366480528661755,0.00635132200118451,0.0142007372093582,0.0291105908225987
0.00097843430734707,0.00286776704877089,0.00537932876625806,0.0131484141508156,0.0281585537850297
0.00127379928100883,0.00343162850461655,0.0061188172458553,0.0142000298813123,0.0297434615806148
0.00169247439277788,0.00413290707288049,0.00702435612575766,0.0156098506712607,0.0316338201595186
0.00079297083284081,0.00267162376492691,0.00513175053215356,0.0129249920054009,0.0280305054080289
0.00113947628122645,0.00334850651185235,0.00605100365050283,0.0142136974229353,0.0297904838322003
0.00074656749419256,0.00320019728030574,0.00593839915090329,0.0145144878151079,0.029828685152164
0.00175061591597082,0.00466428563629388,0.00772032581578184,0.0165923448477964,0.0320200228260277
0.00128095167661909,0.0037040518390036,0.00648263561595218,0.014872221249741,0.0301853975583065
0.00081149112624774,0.00293764822558471,0.00556677492755934,0.0138411275739605,0.0287164461855761
0.00055994964764688,0.00255756695639025,0.00511249971872734,0.0131140817273396,0.0282372570313613
0.00069055804165925,0.00256162758857157,0.00507215097469581,0.0129810543966796,0.0281744922863513
0.00072892619665085,0.00251890034563807,0.00489262188484288,0.0127754536805514,0.0274613836782694
0.00057598001252216,0.0022003519498176,0.00445417555409048,0.0120768658535582,0.0268755993428953
0.00073405621392568,0.00239312889749948,0.00465935118374197,0.0124010191648952,0.0273048325113869
0.00067069907486026,0.00229830690790274,0.00452762749275089,0.0119669902616635,0.026624765365509
0.00060079980626803,0.00216187853002719,0.0042941799404738,0.0113960769075017,0.0258777482614413
0.00056598127342755,0.00210049351521656,0.00422680221572968,0.011372818679812,0.025874454585748
0.00114585865647698,0.00306522721645889,0.00545969026962426,0.0130946783113267,0.0282714440705657
0.00112235708742892,0.00306220921992995,0.00542889591762334,0.0128932802126366,0.0278346916993482
0.00095412553789399,0.00281682326853013,0.00513353482959274,0.0125300384879274,0.0275678456366764
0.00110084154962238,0.00296630035120362,0.00524012390575093,0.0124756705554341,0.027080305641735
0.00070383702032091,0.00222152969189067,0.00421338868993881,0.0109036564746519,0.0250323283040728
0.0005996609443497,0.00207961245490935,0.00402180964724036,0.010674653400267,0.0247410284544267
0.00105887380918681,0.00288334173027818,0.00507783501790889,0.0120418426956998,0.026112996854307
0.00076132157403322,0.00249210136369379,0.00458056337889355,0.0113241177746862,0.0252107308302988
0.00185141383589332,0.00417576456948268,0.00661097162152859,0.0139246963151696,0.0283018278882815
0.0018985001628924,0.00426217380358393,0.00665951242352363,0.0137356506013061,0.0277532675165994
0.00215346083543685,0.00476659515762178,0.00729598564394832,0.0145831153949636,0.0288610680582353
0.00301165677524586,0.00591743516315569,0.00861809944331809,0.016235620610641,0.0293957409402756
0.00153814184786654,0.00363083457605961,0.0056707849783103,0.0111929999050157,0.0208588646410295
0.00149760527742725,0.00343800056526191,0.0054264437911892,0.0109903474368437,0.020496713959228
0.00047390158573978,0.0017910627242269,0.0032786366264407,0.0077415416046087,0.0156826601767416
0.00040761706394393,0.0016900078131322,0.0031314791362238,0.0072705893853748,0.0150911366321896
-0.00031952786602441,0.00066166181978552,0.001925195514738,0.0057695910013404,0.0135905886416798
-9.25010749285001e-05,0.00086630222398435,0.0021065302278543,0.0061355633681503,0.0148156943164508
-0.00054508598729842,7.90183357226599e-05,0.001111653084035,0.0047433694229472,0.0114633456291682
-0.00056280993987151,5.70825171572606e-05,0.00117618360173627,0.0051352694091739,0.0120419105414171
0.00090754266988334,0.00235900091176501,0.00407734839433241,0.0091545020950984,0.0170967728006617
8.74209522689663e-07,0.00114610207624764,0.00261803322793683,0.0071125115308329,0.014637375884286
0.00045036280004253,0.00172536592346368,0.00331027653186424,0.008253882168193,0.0162985716202331
0.00032260452784758,0.0013588103776775,0.00281974917507039,0.0075334927102953,0.0154456174620132
0.00024352232649777,0.00115531278323195,0.0025356538619467,0.0070639418902263,0.0148571774988079
0.00090122299511651,0.0021898410911131,0.00377330873188629,0.0085162122493687,0.0160168626178488
0.00175792130548384,0.00366706295881715,0.0055010479083685,0.010188737267048,0.0169766854019318
0.00185710564781581,0.00385603226065134,0.0056905264921851,0.0102751805266052,0.0167347313523295
0.00136753878372403,0.00297407975366524,0.00468655630558844,0.0092358587201119,0.0159299296298661
0.00091540588759207,0.00225284644534454,0.00384307371946263,0.0082678724610749,0.014927411572371
0.00234471436400598,0.00448145300782445,0.00661057431146859,0.0118201541173311,0.0190018490469174
0.00214542496371251,0.00440374500320349,0.00656075015957611,0.0120233665922524,0.0186869679724475
0.0021831797916654,0.00428096351617016,0.00627884093132136,0.0115046153588927,0.0175938865359393
0.00292358297177294,0.00548344815795,0.0079101804855647,0.0139523498115022,0.0205911764297433
0.00114815315111926,0.00265983166089793,0.004295084859328,0.0084188029612373,0.0126543024770039
0.0008654991288184,0.00216073372367055,0.0037270360173823,0.0079667546730821,0.0124251821760107
0.00175414292075097,0.00334846203727777,0.0050996791469554,0.0094535571145735,0.0137430121199162
0.00337901092919784,0.00586409919363867,0.0081863687399997,0.0132687057462849,0.0209937207679502
0.00184777939909338,0.00386337774556582,0.0059358247497876,0.0104693078124,0.0178799280549967
0.00227807366655051,0.00450953915863072,0.0067512986203533,0.0116632246516215,0.0193585154206443
0.00259447650813976,0.00520074404170515,0.0076920223995565,0.0127360452239388,0.0213254093296887
0.00412852606737619,0.0075658100007356,0.0107841051846042,0.0172717024096259,0.0269079742008412
0.00213793404268823,0.0047241031692279,0.0072808741966795,0.0126443925925659,0.0202758760091918
0.00215556451432281,0.0046495347149367,0.0071728702838558,0.0127381497602204,0.0217559173001226
0.00220970405693043,0.00481984742585346,0.0074894304648253,0.0137779715810539,0.0238918616076122
0.00250071899514172,0.00533524273379254,0.0082287907093269,0.0153430627281176,0.0266669572688632
0.00331861569203109,0.00655338787075165,0.0097442431774535,0.0173057323384265,0.0296320041700471
0.00222957373131824,0.00475972677157226,0.0074719216246804,0.0141755829026967,0.0255535319957227
0.000364392993069521,0.00189194487887444,0.0038035497898407,0.0089635157068568,0.0184373394244211
0.000633621536907511,0.00197455577176224,0.0036110438009075,0.0083098031277775,0.0177155440491307
0.0005295456157209,0.00158027991351705,0.00300507379169264,0.0074192225878368,0.0167261399469676
0.0006041098426174,0.00171606676248383,0.0031739767610187,0.0073957956134664,0.0169662351938087
0.00046663730255117,0.00142678743957538,0.00273462209743841,0.0067253420413589,0.0160830124670751
0.00067607176391626,0.00174885989273279,0.00324800334929579,0.0076633649887427,0.0175259274644212
0.00038208777164953,0.00131011904870718,0.00272977063936349,0.007040074323261,0.016929050398413
0.00027307790296333,0.00122692178979028,0.00268600985124362,0.0069992093267004,0.0169253397030742
0.00018703523990435,0.00107844403479697,0.00253023699622426,0.0070277568623469,0.0172248716744269
-6.64680304579101e-05,0.00054149191138787,0.0017654285930985,0.0058122632659989,0.0149465550463382
0.00036846201428945,0.00129956708345966,0.00274972396438673,0.0074828285825849,0.0174590605182351
0.000570070323215,0.00169365301302928,0.00327776584826473,0.0082039328411509,0.0181903763850018
0.00032047056475142,0.00147267435325752,0.00307476962425058,0.0082093604152629,0.0188669741118987
0.00012583450931048,0.00093401238728297,0.00229112415830678,0.0072518868562469,0.0176112313907201
0.00061875322094335,0.00183850416346176,0.00348419125270162,0.0090269206309416,0.0200502816522934
0.00057080718597818,0.00189969446348221,0.00366377633842927,0.0091337479548014,0.0198971500062914
0.00033361488519622,0.00147376465982612,0.0030168880675894,0.0083858924650746,0.018931999535436
0.0003673339205934,0.00156251945206706,0.00314810209956957,0.0087480674651935,0.0193572662876476
0.00141194898418057,0.00322523575450871,0.00517561763492436,0.0114674576205422,0.0229577213794818
0.00146177285259541,0.00338762650090129,0.00536342444181069,0.0117899759314628,0.0234254517241254
0.00077455158205877,0.00220560463383976,0.00387995982202292,0.0099773517293921,0.0211480569922498
0.00072142355087162,0.00243523335154981,0.00424125956046293,0.0105922236206271,0.0220722753664745
0.00107137793378552,0.00282453131203514,0.00478904120955398,0.0112409619665367,0.0230109974226144
0.0004621913953891,0.00178698563771178,0.00335930081564922,0.0096247320122579,0.0200929668260578
0.00040316053332964,0.00161617354276046,0.00317856602881452,0.0093166158588969,0.0198871093146323
0.00097861783048717,0.00262945258669317,0.00450253479336069,0.0110888521521703,0.0217550639423369
0.00194917372217137,0.00405114983721642,0.00624054126213981,0.0132842095391725,0.0241462101921098
0.00145262975289181,0.00319445405613239,0.0051780453074615,0.0115698312672852,0.0216236121725565
0.00336855645085111,0.00603791995904112,0.00870217918110096,0.0162472582527834,0.0270892495408949
0.00246867338950455,0.00469793848813921,0.0070055567453092,0.013561877691057,0.0226813820961361
0.00199106127847044,0.00400344018218134,0.0061427546361834,0.0124317817387535,0.0214606739092185
0.00345012992364378,0.00607001097273216,0.0087123212464148,0.0157218502539345,0.0253724849888456
0.0025532049937917,0.00480822342941895,0.0070775070591122,0.0127474364492092,0.0207491682892428
0.0017996595229613,0.00371167048424892,0.0057096916848635,0.0110931879869522,0.0186987247536874
-0.00063458522246593,-8.661410789358e-05,0.0009530896736798,0.0044040644594063,0.0099902415541931
0.00163261783036155,0.0035297391034782,0.0055217924277756,0.0101016618241643,0.0164557534669532
-0.00026554066133557,0.000920083391983101,0.0023755328775126,0.0061399698143563,0.011398231957876
0.00219121690965393,0.0044150321722304,0.0065307180895088,0.011325366043415,0.0178660534591412
0.00129397700629352,0.0031539204386986,0.0050655207132027,0.0092419321131176,0.0150020254545319
0.00041476791003275,0.0018683905408232,0.0035271963300856,0.007282404422579,0.0123473507357516
1.362814932421e-05,0.0011365826887695,0.0025587301851631,0.0056604925450379,0.00938805112993429
-0.00026262659097669,0.000583431811167599,0.0018117252606966,0.0047466252338985,0.009031946821962
-0.00035771803620178,0.000334104394536299,0.0016644800450592,0.0050497995795249,0.0106849519976565
-0.00052711261130655,-6.16103218114006e-05,0.0010428746657459,0.0041684512088735,0.0094975585388186
0.00156120749505672,0.0032653805751304,0.0052480063435694,0.0099614576987549,0.0168362008806385
-0.00041041210526784,0.0001916688785891,0.0014853644842989,0.0047887170143026,0.0097253679491082
-8.43920601598892e-05,0.000665752028501599,0.0020493909731155,0.005250842542958,0.0100138782773432
0.00019791606604177,0.0011026145506461,0.0025443985143073,0.0059046522337891,0.0109029194854144
0.00046453388475845,0.0013828081056737,0.0028135221314836,0.0066887185732479,0.0111869952640061
0.00038753222854486,0.0011964727397513,0.0024657197243696,0.006091360157998,0.0105488510918493
0.0004732314455469,0.00143697550810148,0.00280756874267,0.0067275164697328,0.0110361460293081
0.00031440527795132,0.00123357888713852,0.00258492166952,0.0062246642329392,0.0109174145299481
3.75264810786504e-05,0.00058792224090751,0.0016415469820078,0.0048882706724035,0.0095581252541257
